iso-date,tmin,tavg,tmax,precip,globrad,wind,relhumid,vaporpress,dewpoint_temp,relhumid_tmin,relhumid_tmax
-,°C,°C,°C,mm ,MJ m-2,m s-1,%,kPa,Â°C,% 0-100,% 0-100
2019-01-01,3.6,6.8,9,2.1,1.26,8,79,999.9,999.9,999.9,999.9
2019-01-02,-2.1,1.9,4.1,0.4,2.115,5.65,65.38,999.9,999.9,999.9,999.9
2019-01-03,-4.8,-1,1.6,0.2,2.1,3.55,81.04,999.9,999.9,999.9,999.9
2019-01-04,-5.1,0.9,4.5,2.8,0.555,4.1,90.25,999.9,999.9,999.9,999.9
2019-01-05,1.4,5,6.6,0.2,1.49,3.7,88.75,999.9,999.9,999.9,999.9
2019-01-06,0.8,1.8,2.8,0,1.455,1.9,82.71,999.9,999.9,999.9,999.9
2019-01-07,-1.1,2.1,5.1,7.3,0.96,2.65,92.54,999.9,999.9,999.9,999.9
2019-01-08,2.6,5,6.4,11.2,0.815,7.2,87.21,999.9,999.9,999.9,999.9
2019-01-09,1.2,2.9,4.2,5.8,0.76,4.85,90.79,999.9,999.9,999.9,999.9
2019-01-10,-3.3,1,2.9,0,1.965,2.95,84.5,999.9,999.9,999.9,999.9
2019-01-11,-2.4,1.3,5.2,1.3,0.715,4.3,90.79,999.9,999.9,999.9,999.9
2019-01-12,3.4,4.8,6.3,3.1,1.31,5.25,86.42,999.9,999.9,999.9,999.9
2019-01-13,4.9,6.2,8,7,0.72,6.6,88.25,999.9,999.9,999.9,999.9
2019-01-14,-1.9,1.8,5.7,0.6,3.225,8.05,71.88,999.9,999.9,999.9,999.9
2019-01-15,0.4,3.7,7.1,3.3,0.83,7.7,82.38,999.9,999.9,999.9,999.9
2019-01-16,3.3,6.4,7.5,0.1,0.89,6.2,84.17,999.9,999.9,999.9,999.9
2019-01-17,1.9,4.5,7.4,2.1,2.315,5.4,78.88,999.9,999.9,999.9,999.9
2019-01-18,-1.8,0.2,2.7,0,5.035,4.55,79.33,999.9,999.9,999.9,999.9
2019-01-19,-6.2,-2.6,1.7,0,4.76,1.95,87.46,999.9,999.9,999.9,999.9
2019-01-20,-6.5,-4.5,-2.4,0,3.88,1.65,92,999.9,999.9,999.9,999.9
2019-01-21,-4.8,-3.7,-2.6,0,2.18,2.6,87.08,999.9,999.9,999.9,999.9
2019-01-22,-6,-3.7,0.2,0,5.51,2.8,81.67,999.9,999.9,999.9,999.9
2019-01-23,-7.6,-5.3,-3.1,0,1.73,4.15,80.67,999.9,999.9,999.9,999.9
2019-01-24,-6.7,-4.5,-3.2,0,1.295,2.95,76.5,999.9,999.9,999.9,999.9
2019-01-25,-4.4,-3.8,-3.1,0.7,2.405,1.9,78.88,999.9,999.9,999.9,999.9
2019-01-26,-3.3,-0.3,1.8,4.6,1.17,2.55,92.04,999.9,999.9,999.9,999.9
2019-01-27,1.8,3.6,5.5,1.6,2.13,3.55,89.46,999.9,999.9,999.9,999.9
2019-01-28,0.3,3.1,5.8,2.3,5.055,3.05,84.96,999.9,999.9,999.9,999.9
2019-01-29,-0.4,1.1,2.7,0,3.09,3.65,87.42,999.9,999.9,999.9,999.9
2019-01-30,-2,0.5,3.4,0,5.56,3.95,79.13,999.9,999.9,999.9,999.9
2019-01-31,-3.2,-1.1,2.1,0,4.855,2.65,86.17,999.9,999.9,999.9,999.9
2019-02-01,-4.3,-1.2,1.6,0.3,2.345,3.4,86.75,999.9,999.9,999.9,999.9
2019-02-02,0.3,0.9,1.5,4.9,0.76,2.55,92.21,999.9,999.9,999.9,999.9
2019-02-03,0.4,0.8,1.3,5,0.92,2.7,93.21,999.9,999.9,999.9,999.9
2019-02-04,-1.8,0.1,1.6,0,4.67,3.4,90.08,999.9,999.9,999.9,999.9
2019-02-05,-0.6,1.3,3.1,0,2.265,3.7,77.71,999.9,999.9,999.9,999.9
2019-02-06,0.4,2.5,5.4,0,6.425,3.5,77.33,999.9,999.9,999.9,999.9
2019-02-07,-2.1,1.6,5.1,0,4.085,3.65,73.88,999.9,999.9,999.9,999.9
2019-02-08,1,4.7,8.9,0,6.515,4.65,77,999.9,999.9,999.9,999.9
2019-02-09,3.2,6.9,11.3,1,5.05,6.35,68,999.9,999.9,999.9,999.9
2019-02-10,3.2,6.7,9.7,8.1,1.48,5.45,77.83,999.9,999.9,999.9,999.9
2019-02-11,0.9,4.5,7.5,0.2,3.825,7.2,76.08,999.9,999.9,999.9,999.9
2019-02-12,0.4,2.8,6.5,0.5,7.36,5,69.67,999.9,999.9,999.9,999.9
2019-02-13,2.1,5.9,8.2,0.2,1.325,4.65,87.83,999.9,999.9,999.9,999.9
2019-02-14,0,6.1,9.6,0,4.86,3.05,86.46,999.9,999.9,999.9,999.9
2019-02-15,-1.6,3.7,12.5,0,9.51,2.3,77.46,999.9,999.9,999.9,999.9
2019-02-16,-1.5,5.1,15,0,9.76,2.95,69.67,999.9,999.9,999.9,999.9
2019-02-17,-1.8,4.9,12.7,0,8.65,2,75.63,999.9,999.9,999.9,999.9
2019-02-18,-0.9,4.5,13.9,0,9.76,2.3,77.75,999.9,999.9,999.9,999.9
2019-02-19,-0.6,5.7,9.9,0.8,4.985,4.5,73.21,999.9,999.9,999.9,999.9
2019-02-20,5.3,7.5,10.6,0.1,7.085,4.2,73.63,999.9,999.9,999.9,999.9
2019-02-21,5,7.4,10,4.7,3.7,4.3,83.88,999.9,999.9,999.9,999.9
2019-02-22,-3.9,2.3,8.2,0,9.775,3.45,64.67,999.9,999.9,999.9,999.9
2019-02-23,-5.3,-1.5,3.6,0,9.09,2.1,62.38,999.9,999.9,999.9,999.9
2019-02-24,-3,2.9,11,0,9.555,2,60,999.9,999.9,999.9,999.9
2019-02-25,-1.7,5.7,14.1,0,10.89,3.1,69.71,999.9,999.9,999.9,999.9
2019-02-26,-1.1,4.8,10.6,0,4.2,2.55,86.92,999.9,999.9,999.9,999.9
2019-02-27,-1.3,5.5,15.4,0,11.14,2.65,75.25,999.9,999.9,999.9,999.9
2019-02-28,0.8,6.6,13.1,0,10.39,4.3,72.04,999.9,999.9,999.9,999.9
2019-03-01,-2.6,2.9,6.4,0,1.56,1.55,86.71,999.9,999.9,999.9,999.9
2019-03-02,-2,2.6,5.6,0.1,3.35,2.4,80.67,999.9,999.9,999.9,999.9
2019-03-03,1.4,8.4,11.2,1.8,2.505,5.95,83,999.9,999.9,999.9,999.9
2019-03-04,5.9,9.7,15.1,3.3,4.325,7.05,71.33,999.9,999.9,999.9,999.9
2019-03-05,2.6,6.2,9.7,0.8,6.215,6.8,71.92,999.9,999.9,999.9,999.9
2019-03-06,-1.1,6.2,11.9,0.3,11.735,4.15,71.71,999.9,999.9,999.9,999.9
2019-03-07,7.2,10.4,16.9,0,6.88,5.45,63.54,999.9,999.9,999.9,999.9
2019-03-08,1.8,7.5,10.3,0.2,6.11,7.7,66.17,999.9,999.9,999.9,999.9
2019-03-09,3.3,7.2,11.6,10.2,6.465,6.8,74.92,999.9,999.9,999.9,999.9
2019-03-10,0.5,4.7,8.2,15.1,4.95,4.95,79.21,999.9,999.9,999.9,999.9
2019-03-11,-0.4,2.9,6.6,2,4.86,5.75,85.75,999.9,999.9,999.9,999.9
2019-03-12,-0.9,4.2,8.5,0.5,8.69,4.5,76.58,999.9,999.9,999.9,999.9
2019-03-13,4.8,7.5,9.9,0.6,8.535,7.2,60.75,999.9,999.9,999.9,999.9
2019-03-14,4.4,6,9.1,8.6,5.765,6.4,82.79,999.9,999.9,999.9,999.9
2019-03-15,5.2,7.5,9.8,1.2,6.06,7.55,77.58,999.9,999.9,999.9,999.9
2019-03-16,5.1,6.9,9.2,5.6,6.435,6.45,75.29,999.9,999.9,999.9,999.9
2019-03-17,4.5,8.8,14,0.8,8.15,5.8,73.63,999.9,999.9,999.9,999.9
2019-03-18,3.1,5.4,9.3,0.8,7.73,6.55,73.04,999.9,999.9,999.9,999.9
2019-03-19,-1.7,4.2,9.6,0,9.81,3.75,73.63,999.9,999.9,999.9,999.9
2019-03-20,-3.3,6,12.5,0,15.025,3.2,70.67,999.9,999.9,999.9,999.9
2019-03-21,6.6,9.7,11.8,0,4.985,3.1,81.83,999.9,999.9,999.9,999.9
2019-03-22,4.6,9.1,10.9,0,4.765,1.85,88.75,999.9,999.9,999.9,999.9
2019-03-23,3,9.6,18.9,0,15.89,2.75,80.71,999.9,999.9,999.9,999.9
2019-03-24,-0.5,5.8,11.8,0,14.75,1.8,73.17,999.9,999.9,999.9,999.9
2019-03-25,-0.2,3.7,9.5,4.1,9.11,3.65,83.04,999.9,999.9,999.9,999.9
2019-03-26,-1.5,4,9.4,0.7,8.055,4.45,77.71,999.9,999.9,999.9,999.9
2019-03-27,-2.2,5.8,9.9,2.1,5.8,3.4,83.21,999.9,999.9,999.9,999.9
2019-03-28,7.7,9.2,11,2.7,4.31,2.7,91.46,999.9,999.9,999.9,999.9
2019-03-29,2.8,9.4,12.9,0,6.045,2.25,83.88,999.9,999.9,999.9,999.9
2019-03-30,1.4,9.2,17.9,0,18.445,2.8,75.08,999.9,999.9,999.9,999.9
2019-03-31,0.4,7.4,13,0,12.23,2.9,66.29,999.9,999.9,999.9,999.9
2019-04-01,-1.6,5.1,11.4,0,20.7,3.3,58.75,999.9,999.9,999.9,999.9
2019-04-02,1.7,8.3,14.8,0,18.75,4.55,55.5,999.9,999.9,999.9,999.9
2019-04-03,5.8,12.8,19.2,0,16.565,3.6,58.54,999.9,999.9,999.9,999.9
2019-04-04,8.9,15.1,21.4,0,19.32,4.3,54.83,999.9,999.9,999.9,999.9
2019-04-05,6.9,13.6,20.6,0.2,17.555,2.85,62.71,999.9,999.9,999.9,999.9
2019-04-06,8.1,14.1,20.8,0.2,19.065,3.65,55.83,999.9,999.9,999.9,999.9
2019-04-07,5.2,12.3,19.2,0,19.805,2.85,50.79,999.9,999.9,999.9,999.9
2019-04-08,5.2,11.6,19.3,0,20.13,2.25,60.08,999.9,999.9,999.9,999.9
2019-04-09,3.2,6.8,11.3,0,18.995,2.6,66,999.9,999.9,999.9,999.9
2019-04-10,-0.6,4.5,9.6,0,17.815,2.85,62.21,999.9,999.9,999.9,999.9
2019-04-11,-2.3,2.3,5.7,0,9.895,2.6,65.75,999.9,999.9,999.9,999.9
2019-04-12,1.8,3.1,5.3,0,4.56,2.2,66.75,999.9,999.9,999.9,999.9
2019-04-13,1.7,4.7,7.8,0,10.495,2.75,57.21,999.9,999.9,999.9,999.9
2019-04-14,1.9,5.7,12,4.2,8.055,3.05,74.42,999.9,999.9,999.9,999.9
2019-04-15,0.9,7,13.1,0,22.815,2.85,54.71,999.9,999.9,999.9,999.9
2019-04-16,0.1,8.2,15.7,0,22.885,3.6,50.67,999.9,999.9,999.9,999.9
2019-04-17,0.9,9.8,18.8,0,21.85,2.8,53.54,999.9,999.9,999.9,999.9
2019-04-18,4.6,13,20.9,0,22.855,2.95,49.71,999.9,999.9,999.9,999.9
2019-04-19,5.3,13.8,21.8,0,23.41,2.85,43.08,999.9,999.9,999.9,999.9
2019-04-20,4.3,12.8,20.8,0,23.005,2.2,49.17,999.9,999.9,999.9,999.9
2019-04-21,4.8,13.3,20.2,0,24.005,2.15,48.79,999.9,999.9,999.9,999.9
2019-04-22,4.9,12.3,17.4,0,24.61,4.5,55.42,999.9,999.9,999.9,999.9
2019-04-23,9.4,14.4,19.3,0.2,18.035,6.85,51.92,999.9,999.9,999.9,999.9
2019-04-24,12.6,16.8,22.3,0,22.63,4.95,61.5,999.9,999.9,999.9,999.9
2019-04-25,11.8,18.4,25.8,0,23.575,2.65,54.88,999.9,999.9,999.9,999.9
2019-04-26,11.7,19.7,27.7,0,21.56,3.45,59.96,999.9,999.9,999.9,999.9
2019-04-27,9.8,13.3,17.7,3.4,13.07,3.7,74.54,999.9,999.9,999.9,999.9
2019-04-28,8.4,10.9,13.4,0,10.91,3.85,76.33,999.9,999.9,999.9,999.9
2019-04-29,6.9,11.1,16.9,1.8,9.535,3.3,76.83,999.9,999.9,999.9,999.9
2019-04-30,3.4,10.8,18.2,0,25.375,2.6,59.96,999.9,999.9,999.9,999.9
2019-05-01,9.2,13.3,18.8,0,19.81,3.7,67.17,999.9,999.9,999.9,999.9
2019-05-02,6.9,10.2,13,0,8.5,5.5,71.96,999.9,999.9,999.9,999.9
2019-05-03,6.2,9.4,12.6,0,19.97,4.9,54.25,999.9,999.9,999.9,999.9
2019-05-04,3,6.6,8.9,0.4,11.775,2.6,65,999.9,999.9,999.9,999.9
2019-05-05,1.3,6.8,12.3,0,18.57,2.25,60.92,999.9,999.9,999.9,999.9
2019-05-06,3.8,8.6,12.6,0,17.74,3.75,59.21,999.9,999.9,999.9,999.9
2019-05-07,5,8.8,14.1,0.2,19.36,2.55,57.21,999.9,999.9,999.9,999.9
2019-05-08,1.2,11.8,18.7,0,21.375,3.6,51.58,999.9,999.9,999.9,999.9
2019-05-09,10.4,13.7,17.5,2,0.96,2.75,72.63,999.9,999.9,999.9,999.9
2019-05-10,8.3,11.7,15.8,6.8,10.885,2.55,85.63,999.9,999.9,999.9,999.9
2019-05-11,5.4,10.7,15.4,1.8,14.33,2.1,72.29,999.9,999.9,999.9,999.9
2019-05-12,7.2,11,16,1.2,23.625,2.55,62.29,999.9,999.9,999.9,999.9
2019-05-13,5.3,10.1,14.8,0,19.265,2.4,58.75,999.9,999.9,999.9,999.9
2019-05-14,3.2,8.6,14,0,18.88,3.3,58.42,999.9,999.9,999.9,999.9
2019-05-15,2.4,7.7,12.4,0.2,10.8,3.05,63.58,999.9,999.9,999.9,999.9
2019-05-16,6.7,9.2,12.1,16.8,3.725,1.85,94.5,999.9,999.9,999.9,999.9
2019-05-17,5.8,12.3,19.3,0.2,22.98,2,84.21,999.9,999.9,999.9,999.9
2019-05-18,8.8,17.3,25,0,27.89,2.9,69.25,999.9,999.9,999.9,999.9
2019-05-19,10.1,17.7,25.9,0.2,5.025,2.75,71.25,999.9,999.9,999.9,999.9
2019-05-20,12.4,17.6,22.4,0,14.585,2.65,79.75,999.9,999.9,999.9,999.9
2019-05-21,10.6,17.7,24.3,0.4,24.995,2.15,75.38,999.9,999.9,999.9,999.9
2019-05-22,11.4,13.6,17.2,11.8,3.515,4.55,92.13,999.9,999.9,999.9,999.9
2019-05-23,10.2,14.1,19.3,0,26.895,2.95,69.67,999.9,999.9,999.9,999.9
2019-05-24,8.6,16.6,23.2,0,25.585,1.9,66.63,999.9,999.9,999.9,999.9
2019-05-25,11,14.8,18.1,0,21.145,3.15,71.71,999.9,999.9,999.9,999.9
2019-05-26,8.6,15.9,22.4,0.4,21.925,3.85,65.92,999.9,999.9,999.9,999.9
2019-05-27,14.9,18.4,23.3,0,14.19,3,69.46,999.9,999.9,999.9,999.9
2019-05-28,11.1,15.6,13.6,0,13.66,2.15,78.67,999.9,999.9,999.9,999.9
2019-05-29,8.1,12.4,16.7,0,27.1,2.2,61.92,999.9,999.9,999.9,999.9
2019-05-30,5.3,15.3,22.3,0,29.18,2.45,56.58,999.9,999.9,999.9,999.9
2019-05-31,14.3,19.2,24.8,2.8,17.65,2.8,77.33,999.9,999.9,999.9,999.9
2019-06-01,15.2,21.7,27.9,0,25.625,2.25,70.79,999.9,999.9,999.9,999.9
2019-06-02,14.6,22.6,29.9,0,27.945,2,64.42,999.9,999.9,999.9,999.9
2019-06-03,15.6,25.8,33.4,0,29.105,3.15,52.5,999.9,999.9,999.9,999.9
2019-06-04,17.7,24.3,30.7,0,26.595,1.95,61.96,999.9,999.9,999.9,999.9
2019-06-05,17.7,25.9,32.7,0,27.87,3.25,58.29,999.9,999.9,999.9,999.9
2019-06-06,16.9,23.3,31.7,0,20.62,3.75,70,999.9,999.9,999.9,999.9
2019-06-07,14.9,19.9,26.2,0,29.1,2.55,71.92,999.9,999.9,999.9,999.9
2019-06-08,14.1,19.1,22.8,0,20.295,4.7,57.33,999.9,999.9,999.9,999.9
2019-06-09,10.5,19.8,26.4,0,27.585,2.4,50.17,999.9,999.9,999.9,999.9
2019-06-10,18.6,24.1,31.4,0,20.28,2.55,58.58,999.9,999.9,999.9,999.9
2019-06-11,16.9,24,30.6,18,26.345,2.6,73.5,999.9,999.9,999.9,999.9
2019-06-12,17.4,25.2,34,3.8,25.84,3.25,68.08,999.9,999.9,999.9,999.9
2019-06-13,15.4,20.1,24.9,0.8,24.445,2.1,67.54,999.9,999.9,999.9,999.9
2019-06-14,14.9,23.4,30.3,0,27.83,2.45,62.63,999.9,999.9,999.9,999.9
2019-06-15,20.7,26.5,33.6,0.8,27,4.9,60.21,999.9,999.9,999.9,999.9
2019-06-16,16.1,20.1,23.8,0,20.09,3.05,66,999.9,999.9,999.9,999.9
2019-06-17,13.3,20.8,26.6,0,24.605,1.55,61.96,999.9,999.9,999.9,999.9
2019-06-18,14.3,23.4,30.1,0,30.56,3.2,52.54,999.9,999.9,999.9,999.9
2019-06-19,16.4,24.7,32.5,0,22.965,2.45,59.63,999.9,999.9,999.9,999.9
2019-06-20,18.1,22.9,28.7,0.8,20.875,2.2,64.25,999.9,999.9,999.9,999.9
2019-06-21,16.6,21,25.4,5.8,24.57,2.6,69.42,999.9,999.9,999.9,999.9
2019-06-22,14.3,20.8,26.5,0,27.74,2.55,57.92,999.9,999.9,999.9,999.9
2019-06-23,12.4,21.1,27.7,0,29.775,2.45,51.38,999.9,999.9,999.9,999.9
2019-06-24,13.8,23.1,30.5,0,30.805,2.8,48.08,999.9,999.9,999.9,999.9
2019-06-25,17.1,26.6,33.8,0,29.31,3,49.92,999.9,999.9,999.9,999.9
2019-06-26,20.4,29.7,37.7,0,27.935,3.55,50.21,999.9,999.9,999.9,999.9
2019-06-27,16.8,21.3,26,0,30.775,3.75,53.5,999.9,999.9,999.9,999.9
2019-06-28,14.3,19.6,25.1,0,25.32,2.5,61.92,999.9,999.9,999.9,999.9
2019-06-29,13.4,23.1,31,0,29.91,1.75,51.08,999.9,999.9,999.9,999.9
2019-06-30,17.6,28.7,37.4,0,29.965,3.5,37.63,999.9,999.9,999.9,999.9
2019-07-01,19.6,23.7,28.2,0,19.895,3.5,47.54,999.9,999.9,999.9,999.9
2019-07-02,14.7,18.7,22.1,0,22.645,4.85,50.79,999.9,999.9,999.9,999.9
2019-07-03,10.6,15.9,20.3,0,21.205,3.5,52.88,999.9,999.9,999.9,999.9
2019-07-04,10.4,17.2,23,0,27.36,3.4,50.58,999.9,999.9,999.9,999.9
2019-07-05,15.5,18.3,20.6,0,11.765,4.1,60.96,999.9,999.9,999.9,999.9
2019-07-06,14.4,18.9,24.7,8.8,13.38,3.7,69.88,999.9,999.9,999.9,999.9
2019-07-07,11.7,15,18.3,0.4,16.77,4.5,62.88,999.9,999.9,999.9,999.9
2019-07-08,11.3,14.7,18.3,0,14.635,4.55,59.63,999.9,999.9,999.9,999.9
2019-07-09,11.4,15.4,19.4,0,20.285,3.95,59.25,999.9,999.9,999.9,999.9
2019-07-10,11.2,15.6,22.2,1.8,22.185,3.5,76.54,999.9,999.9,999.9,999.9
2019-07-11,12.1,19.3,25.5,0,27.2,1.8,59,999.9,999.9,999.9,999.9
2019-07-12,15.7,17.7,19.4,7,11.06,1.6,87.71,999.9,999.9,999.9,999.9
2019-07-13,14.9,18.7,25.6,3.4,18.72,2.1,75.58,999.9,999.9,999.9,999.9
2019-07-14,13.9,16.1,20.6,12.8,17.27,2.75,87.58,999.9,999.9,999.9,999.9
2019-07-15,14.1,15.6,16.8,0,8.62,3,76.46,999.9,999.9,999.9,999.9
2019-07-16,13.4,16.4,19.6,0.2,11.385,4.2,69.29,999.9,999.9,999.9,999.9
2019-07-17,12.4,17.9,22.6,0,25.11,2.4,68.38,999.9,999.9,999.9,999.9
2019-07-18,12.6,19.9,26.6,0,25.08,1.85,57.17,999.9,999.9,999.9,999.9
2019-07-19,14.7,20.1,25.3,0.2,12.405,2.6,63.54,999.9,999.9,999.9,999.9
2019-07-20,15.7,22.9,29.5,3.2,24.735,2.3,61.83,999.9,999.9,999.9,999.9
2019-07-21,16.5,21.1,26.7,6,22.475,2.95,71.79,999.9,999.9,999.9,999.9
2019-07-22,16.1,20.7,25,0,15.59,2,69.17,999.9,999.9,999.9,999.9
2019-07-23,18.1,23.5,29.9,0,25.37,2.35,66.58,999.9,999.9,999.9,999.9
2019-07-24,16.8,24.7,31.3,0,27.52,1.9,61.33,999.9,999.9,999.9,999.9
2019-07-25,17.7,25.6,32.4,0,26.875,2.15,57.46,999.9,999.9,999.9,999.9
2019-07-26,17.8,24.2,30.3,0,27.645,2.9,50.71,999.9,999.9,999.9,999.9
2019-07-27,16.8,22.9,28.6,0,25.505,3.7,58.17,999.9,999.9,999.9,999.9
2019-07-28,15.8,24.4,31.3,0,22.115,3,58.75,999.9,999.9,999.9,999.9
2019-07-29,21.9,26.1,33.3,1.6,16.85,2.05,64,999.9,999.9,999.9,999.9
2019-07-30,20.3,23.5,28.3,15,17.195,3.35,76.46,999.9,999.9,999.9,999.9
2019-07-31,18.3,20.4,22.7,8,10.71,1.9,82.67,999.9,999.9,999.9,999.9
2019-08-01,15,18.8,24.6,0.4,19.47,2,77.42,999.9,999.9,999.9,999.9
2019-08-02,14.2,18.7,24.2,0,18.84,1.7,75.92,999.9,999.9,999.9,999.9
2019-08-03,15.1,19.3,25.1,3.4,20.115,1.8,66.13,999.9,999.9,999.9,999.9
2019-08-04,14.7,20.3,24.4,0,21.94,2.4,63,999.9,999.9,999.9,999.9
2019-08-05,14.3,20.5,25.1,0,15.375,1.7,61.96,999.9,999.9,999.9,999.9
2019-08-06,17.2,21.8,28.9,1,18.005,2.4,71.63,999.9,999.9,999.9,999.9
2019-08-07,16.6,20.2,26.6,1.8,14.18,2.4,84.04,999.9,999.9,999.9,999.9
2019-08-08,15.9,21,26.9,0,19.23,3.25,64.04,999.9,999.9,999.9,999.9
2019-08-09,14.7,21.6,27.4,0,22,2.15,59.04,999.9,999.9,999.9,999.9
2019-08-10,19.9,23.2,27.1,0,14.645,4.5,55.88,999.9,999.9,999.9,999.9
2019-08-11,16.9,23.2,28.8,0,22.25,3.3,46.04,999.9,999.9,999.9,999.9
2019-08-12,16.6,21,23.8,0,13.165,2.7,57.04,999.9,999.9,999.9,999.9
2019-08-13,15.2,18.8,24.8,0.4,18.715,3.8,56.33,999.9,999.9,999.9,999.9
2019-08-14,12.3,16.7,22.3,0,18.76,2.8,56.13,999.9,999.9,999.9,999.9
2019-08-15,9.4,17.9,23.7,0,12.01,3.05,53.08,999.9,999.9,999.9,999.9
2019-08-16,14.9,18.6,23.7,0.2,15.41,3.2,65,999.9,999.9,999.9,999.9
2019-08-17,12.1,19.4,27.6,0,13.03,3.3,56.08,999.9,999.9,999.9,999.9
2019-08-18,18.6,20.6,26.7,10,11.32,3.25,74.71,999.9,999.9,999.9,999.9
2019-08-19,14.8,19.3,24.7,0,16.91,2.65,69.08,999.9,999.9,999.9,999.9
2019-08-20,13,19.4,25.7,1.2,14.385,1.55,60.25,999.9,999.9,999.9,999.9
2019-08-21,14,18.4,23.8,3.6,21.45,2.15,67.42,999.9,999.9,999.9,999.9
2019-08-22,11.5,19,26.3,0,21.8,2.25,61.33,999.9,999.9,999.9,999.9
2019-08-23,12.3,20.3,27.5,0,22.74,2.25,59.08,999.9,999.9,999.9,999.9
2019-08-24,13.3,21.4,29.1,0,19.865,2.8,58.33,999.9,999.9,999.9,999.9
2019-08-25,16.3,23.4,30.7,0,19.65,3.4,52.33,999.9,999.9,999.9,999.9
2019-08-26,18.1,24.4,32.9,0,14.535,2.65,55.29,999.9,999.9,999.9,999.9
2019-08-27,18.2,25.1,32.6,0,18.49,2.9,60.04,999.9,999.9,999.9,999.9
2019-08-28,19.5,25.8,32.7,0,17.41,2.75,61.83,999.9,999.9,999.9,999.9
2019-08-29,18.6,24.9,31.4,0,19.225,2.35,62.83,999.9,999.9,999.9,999.9
2019-08-30,18.9,24.6,30,0,17.605,2.05,62.83,999.9,999.9,999.9,999.9
2019-08-31,18.8,25.7,33.3,0,19.72,3.2,55.92,999.9,999.9,999.9,999.9
2019-09-01,18.8,25.1,32.1,0,17.965,3.75,55,999.9,999.9,999.9,999.9
2019-09-02,14,18.1,22.2,0,18.315,3.15,52.75,999.9,999.9,999.9,999.9
2019-09-03,9.8,16.3,21,0,10.12,2.85,56.54,999.9,999.9,999.9,999.9
2019-09-04,12.9,19.6,26.8,0,18.455,2.7,53.33,999.9,999.9,999.9,999.9
2019-09-05,13.9,18,22.7,0.4,15.2,4.55,59.92,999.9,999.9,999.9,999.9
2019-09-06,9.4,14.5,20.1,0,19.84,2.55,54.17,999.9,999.9,999.9,999.9
2019-09-07,7.9,12.6,16.1,0.8,6.405,1.7,72.83,999.9,999.9,999.9,999.9
2019-09-08,10.1,14.9,20.4,0,13.74,1.5,71.46,999.9,999.9,999.9,999.9
2019-09-09,12.3,13.5,14.8,11,2.24,2.4,92.67,999.9,999.9,999.9,999.9
2019-09-10,11.8,14.9,20.2,0.6,15.55,5.65,67,999.9,999.9,999.9,999.9
2019-09-11,9.7,15.5,22.2,0,18.22,2.7,58.67,999.9,999.9,999.9,999.9
2019-09-12,13.2,16.8,21.4,0,-0.42,3.3,72.46,999.9,999.9,999.9,999.9
2019-09-13,13.3,17.1,23.1,0.2,10.01,3.5,70.79,999.9,999.9,999.9,999.9
2019-09-14,9.3,13.6,18.8,0,17.3,1.8,64.79,999.9,999.9,999.9,999.9
2019-09-15,8.6,15.9,22.1,0,14.015,4.2,57.13,999.9,999.9,999.9,999.9
2019-09-16,12.3,14.5,17.4,0,8.175,4.1,65.71,999.9,999.9,999.9,999.9
2019-09-17,8.7,11.7,16.8,4,8.445,5.75,74.17,999.9,999.9,999.9,999.9
2019-09-18,6.9,10.7,15.3,0.4,12.375,4.85,69.88,999.9,999.9,999.9,999.9
2019-09-19,6.2,11.1,16.2,0,14.505,2.75,73.63,999.9,999.9,999.9,999.9
2019-09-20,6.4,11.7,15.9,0,13.34,2.85,70,999.9,999.9,999.9,999.9
2019-09-21,8.6,14.2,20.2,0,16.445,2.25,63.08,999.9,999.9,999.9,999.9
2019-09-22,6.9,15.1,23.9,0,16.575,2.55,66.29,999.9,999.9,999.9,999.9
2019-09-23,7.1,15.3,23.3,0,14.275,3.2,70.79,999.9,999.9,999.9,999.9
2019-09-24,9.9,14.5,18.6,0,6.785,2.1,84.13,999.9,999.9,999.9,999.9
2019-09-25,12.4,15.3,18.9,4.6,5.17,2.1,84.58,999.9,999.9,999.9,999.9
2019-09-26,9.9,14.4,19.7,0.2,11.16,1.95,85.04,999.9,999.9,999.9,999.9
2019-09-27,12.6,14.8,17.2,7.2,2.89,2.8,92.25,999.9,999.9,999.9,999.9
2019-09-28,11,14.1,19.8,3,11.82,3.6,85.21,999.9,999.9,999.9,999.9
2019-09-29,11.5,14.2,16.3,4,4.845,4.65,79.96,999.9,999.9,999.9,999.9
2019-09-30,12.4,14.6,16.8,8.8,4.84,7.7,79.21,999.9,999.9,999.9,999.9
2019-10-01,10.7,13.6,16.9,3.6,4.27,4.3,84.88,999.9,999.9,999.9,999.9
2019-10-02,7.3,10.7,15.8,8.8,6.865,2.95,84.21,999.9,999.9,999.9,999.9
2019-10-03,5.5,8.6,11.6,6.2,5.335,3.5,90.42,999.9,999.9,999.9,999.9
2019-10-04,6.2,9,11.8,5,7.555,2.1,87.04,999.9,999.9,999.9,999.9
2019-10-05,5.4,7.7,8.6,14.8,3.65,2.85,91.17,999.9,999.9,999.9,999.9
2019-10-06,2.1,6.1,10.3,0,11.06,1.8,82.79,999.9,999.9,999.9,999.9
2019-10-07,0.5,5.3,11.2,0.2,12.6,1.45,81.33,999.9,999.9,999.9,999.9
2019-10-08,3,8.3,11.9,2.6,2.06,3.65,88.08,999.9,999.9,999.9,999.9
2019-10-09,9.9,12.5,16.3,5.2,8.665,4.05,82,999.9,999.9,999.9,999.9
2019-10-10,8.8,10.8,13.1,2,8.44,4.75,81.71,999.9,999.9,999.9,999.9
2019-10-11,8.6,12.2,14.9,0.2,5.7,5.35,76.96,999.9,999.9,999.9,999.9
2019-10-12,12.3,15.8,20.1,0,10.14,4.8,72.25,999.9,999.9,999.9,999.9
2019-10-13,13.2,18.6,23.3,0,9.6,3.45,71.92,999.9,999.9,999.9,999.9
2019-10-14,14.1,18.2,22.3,0,10.615,2.95,73.21,999.9,999.9,999.9,999.9
2019-10-15,11.2,14.9,21,0.2,10.255,2.3,86.79,999.9,999.9,999.9,999.9
2019-10-16,9.5,11.7,14.6,3.6,1.94,4.45,90.92,999.9,999.9,999.9,999.9
2019-10-17,9.4,14.4,18.5,0,7.66,3.1,75.79,999.9,999.9,999.9,999.9
2019-10-18,11.2,14.7,19.4,1.6,8.23,3.1,77.83,999.9,999.9,999.9,999.9
2019-10-19,8.4,10.8,13.1,0,2.905,2.45,85.38,999.9,999.9,999.9,999.9
2019-10-20,9.8,13.8,20.1,0.2,8.96,2.25,83.04,999.9,999.9,999.9,999.9
2019-10-21,10.1,13.8,18.2,0.2,5.475,1.65,90.54,999.9,999.9,999.9,999.9
2019-10-22,10.2,13.2,18.1,0,7.575,1.4,88.21,999.9,999.9,999.9,999.9
2019-10-23,8.1,11.9,17.1,0,7.955,2.25,90.04,999.9,999.9,999.9,999.9
2019-10-24,10.6,12.8,14.6,0,3.285,2.95,92.88,999.9,999.9,999.9,999.9
2019-10-25,10.3,13.3,17.8,0.2,7.185,3.3,81.92,999.9,999.9,999.9,999.9
2019-10-26,10.3,13.9,17.7,0,7.51,4.45,73.04,999.9,999.9,999.9,999.9
2019-10-27,6.4,11.4,16.4,1.2,1.605,4.6,77.42,999.9,999.9,999.9,999.9
2019-10-28,4.8,7.6,11.2,0.2,6.635,3.8,81.75,999.9,999.9,999.9,999.9
2019-10-29,1.8,5.3,8.6,0,4.56,1.95,90.21,999.9,999.9,999.9,999.9
2019-10-30,-0.6,2.6,7.1,0.2,7.785,1.2,85.29,999.9,999.9,999.9,999.9
2019-10-31,-2.7,0.7,5.7,0,7.555,1.5,83.5,999.9,999.9,999.9,999.9
2019-11-01,-3.9,-0.2,4.7,0.4,7.16,2.95,86.33,999.9,999.9,999.9,999.9
2019-11-02,4.7,9.6,13.1,0.4,3.535,3.85,83.75,999.9,999.9,999.9,999.9
2019-11-03,7.5,10.3,11.5,3.6,1.735,2.6,93.58,999.9,999.9,999.9,999.9
2019-11-04,7.8,9.7,11.4,9.2,2.765,2.55,93.71,999.9,999.9,999.9,999.9
2019-11-05,7.6,9.1,11.2,0.4,3.495,3.1,88.58,999.9,999.9,999.9,999.9
2019-11-06,7.2,7.8,9,2,1.6,3.25,91.83,999.9,999.9,999.9,999.9
2019-11-07,5.8,7.4,11.3,0,4.335,2.15,89.21,999.9,999.9,999.9,999.9
2019-11-08,3.1,6.1,8.4,0,3.395,2.15,88.21,999.9,999.9,999.9,999.9
2019-11-09,5.3,6.7,7.8,1,0.735,2.9,93.58,999.9,999.9,999.9,999.9
2019-11-10,2.4,4.4,7.2,0.2,5.1,1.5,92.67,999.9,999.9,999.9,999.9
2019-11-11,0.3,2.4,5.3,0,5.35,2.6,91.08,999.9,999.9,999.9,999.9
2019-11-12,0.7,3.8,6.3,0.2,2.115,2.65,87,999.9,999.9,999.9,999.9
2019-11-13,3.6,4.6,6.3,0,1.815,2.3,88.46,999.9,999.9,999.9,999.9
2019-11-14,3,4.4,7.2,0,5.81,2.95,85,999.9,999.9,999.9,999.9
2019-11-15,3.4,7.1,9.2,0,2.26,4.65,86.79,999.9,999.9,999.9,999.9
2019-11-16,1.7,6.7,12.1,0.2,2.345,3.85,87.08,999.9,999.9,999.9,999.9
2019-11-17,0.8,4.7,8.2,0.2,2.745,3.2,89.54,999.9,999.9,999.9,999.9
2019-11-18,3.9,7.8,12.1,1.6,0.93,3.8,87.63,999.9,999.9,999.9,999.9
2019-11-19,3.2,5.4,8.2,0.4,4.77,3.4,79.38,999.9,999.9,999.9,999.9
2019-11-20,4.8,5.4,5.9,1,0.68,1.7,91.63,999.9,999.9,999.9,999.9
2019-11-21,5.9,8.1,9.6,7,0.96,2.45,95.54,999.9,999.9,999.9,999.9
2019-11-22,7.3,8.8,10.9,0.2,3.41,3.15,90,999.9,999.9,999.9,999.9
2019-11-23,2.9,5.4,8.5,0,4.41,4.3,85.79,999.9,999.9,999.9,999.9
2019-11-24,1.2,3.3,6.7,0,3.375,3.8,87.54,999.9,999.9,999.9,999.9
2019-11-25,2.9,3.6,4.6,0,0.735,2.7,92.42,999.9,999.9,999.9,999.9
2019-11-26,4.6,5.8,7.2,0,1.305,2.5,87.71,999.9,999.9,999.9,999.9
2019-11-27,3.6,5.7,7.4,1,1.455,3.4,87.46,999.9,999.9,999.9,999.9
2019-11-28,5.8,9.4,11.9,0.2,3.53,5.75,75.75,999.9,999.9,999.9,999.9
2019-11-29,1.3,5.8,9.5,0.6,2.13,6.85,74.83,999.9,999.9,999.9,999.9
2019-11-30,-0.9,0.9,2.6,0,2.485,3.1,89.21,999.9,999.9,999.9,999.9
2019-12-01,1.2,2.3,3.5,0,1.385,1.65,94.33,999.9,999.9,999.9,999.9
2019-12-02,1.8,2.7,3.9,0.2,1.215,4.1,87.71,999.9,999.9,999.9,999.9
2019-12-03,-1.3,1.2,4.8,0.4,1.745,2.85,94.54,999.9,999.9,999.9,999.9
2019-12-04,0.2,3.7,6.1,0,3.195,3.65,85.04,999.9,999.9,999.9,999.9
2019-12-05,-1.2,0.9,3.6,0,4.13,3.3,81.29,999.9,999.9,999.9,999.9
2019-12-06,-1.3,2,4.8,1,1.435,5.55,78.33,999.9,999.9,999.9,999.9
2019-12-07,4.8,7.3,9.2,4,1.315,6.65,85.38,999.9,999.9,999.9,999.9
2019-12-08,6.8,8.4,10.3,0.8,1.565,6,77.13,999.9,999.9,999.9,999.9
2019-12-09,5.4,7.2,8.9,0.8,3.395,4.9,77.38,999.9,999.9,999.9,999.9
2019-12-10,0.1,2.7,5.8,0,4.11,4.3,82.83,999.9,999.9,999.9,999.9
2019-12-11,-1.4,0.8,3.9,0.2,2.33,3.4,78.71,999.9,999.9,999.9,999.9
2019-12-12,-0.7,1.9,3.8,0,1.135,3.2,86.25,999.9,999.9,999.9,999.9
2019-12-13,-2.1,-0.1,2.1,0,3.33,3.4,87.96,999.9,999.9,999.9,999.9
2019-12-14,0.9,3.1,4.4,9.8,0.995,4.45,88.25,999.9,999.9,999.9,999.9
2019-12-15,1.7,5.1,8.1,0.6,1.41,5.6,78.42,999.9,999.9,999.9,999.9
2019-12-16,2.9,5,6.4,0,1.16,3,86.75,999.9,999.9,999.9,999.9
2019-12-17,2.5,6.9,10.6,0,2.11,3.4,82.54,999.9,999.9,999.9,999.9
2019-12-18,1.7,7.3,10.1,0,-4.115,3.15,81.5,999.9,999.9,999.9,999.9
2019-12-19,1,4.1,6.2,0.2,2.585,3.3,98.75,999.9,999.9,999.9,999.9
2019-12-20,2.8,5.8,8.7,0.2,3.45,2.9,93.75,999.9,999.9,999.9,999.9
2019-12-21,2.1,6.4,8.2,8.8,3.3,2.8,93.17,999.9,999.9,999.9,999.9
2019-12-22,0.4,2.3,4.3,0.4,2,2.75,99.54,999.9,999.9,999.9,999.9
2019-12-23,3.9,5.9,7.2,0.4,0.94,3.7,91.21,999.9,999.9,999.9,999.9
2019-12-24,3.5,5.4,6.9,1.8,2.085,3.3,88.21,999.9,999.9,999.9,999.9
2019-12-25,4.2,4.9,5.5,0.8,1.53,2.95,95.04,999.9,999.9,999.9,999.9
2019-12-26,3.8,4.4,5.3,3.6,1.625,3.6,90.63,999.9,999.9,999.9,999.9
2019-12-27,1.3,2.6,3.9,0.8,1.41,2.3,92.96,999.9,999.9,999.9,999.9
2019-12-28,0.7,1.2,1.8,0,1.57,2.25,83.92,999.9,999.9,999.9,999.9
2019-12-29,-1.7,0.2,1.7,0,3.73,2.25,80.33,999.9,999.9,999.9,999.9
2019-12-30,1,4,6.3,0,1.59,4.15,60.71,999.9,999.9,999.9,999.9
2019-12-31,2.6,5.5,7,0,2.245,5.3,72.25,999.9,999.9,999.9,999.9
2020-01-01,-0.1,2.5,4.1,0,2.08,3.1,89.63,999.9,999.9,999.9,999.9
2020-01-02,-2.2,0.9,4.9,0.2,4.705,2.65,82.04,999.9,999.9,999.9,999.9
2020-01-03,0.1,4,6.7,4.4,0.925,4.95,87.46,999.9,999.9,999.9,999.9
2020-01-04,2,3.8,6.7,5.6,0.72,6.5,84.63,999.9,999.9,999.9,999.9
2020-01-05,-0.8,0.8,2.8,0,3.895,3.45,85.42,999.9,999.9,999.9,999.9
2020-01-06,1.6,3.3,5.3,0,2.115,3.1,87.13,999.9,999.9,999.9,999.9
2020-01-07,-1.8,1.9,3.7,0,1.245,2.85,91.13,999.9,999.9,999.9,999.9
2020-01-08,2.3,5.1,7.4,0.6,0.755,4.7,87.38,999.9,999.9,999.9,999.9
2020-01-09,6.6,7.9,9.4,5,0.885,3.45,94.08,999.9,999.9,999.9,999.9
2020-01-10,5.9,9.1,9.8,2.8,2.17,5,88.75,999.9,999.9,999.9,999.9
2020-01-11,2.1,4.2,5.9,0,2.42,4.35,83.96,999.9,999.9,999.9,999.9
2020-01-12,0.4,2.7,4.9,0,3.955,4.9,78.67,999.9,999.9,999.9,999.9
2020-01-13,1.6,4.8,6.6,0.2,2.46,3.95,84.17,999.9,999.9,999.9,999.9
2020-01-14,0.5,5.3,9.2,0,2.46,4.85,75.67,999.9,999.9,999.9,999.9
2020-01-15,5.1,7.8,12.1,0,3.945,4.9,65.04,999.9,999.9,999.9,999.9
2020-01-16,2.2,5.6,9.6,0,4.97,3.15,78.67,999.9,999.9,999.9,999.9
2020-01-17,0.6,2.8,6.8,0.2,4.765,3.45,83.25,999.9,999.9,999.9,999.9
2020-01-18,1.9,4.2,6.3,0.2,3.05,3.55,82.88,999.9,999.9,999.9,999.9
2020-01-19,0.8,2.9,4.7,0,2.095,2.1,88.58,999.9,999.9,999.9,999.9
2020-01-20,0.7,2.9,5.1,0,4.94,2.65,83.33,999.9,999.9,999.9,999.9
2020-01-21,-0.7,1.8,5.7,0.2,5.42,4.15,80.46,999.9,999.9,999.9,999.9
2020-01-22,1.9,3.7,5.4,0,0.74,4.3,85.33,999.9,999.9,999.9,999.9
2020-01-23,0.6,3.2,5.4,0,2.555,2.45,81.96,999.9,999.9,999.9,999.9
2020-01-24,-2.6,-0.2,2.3,0,5.85,3,85.29,999.9,999.9,999.9,999.9
2020-01-25,-0.5,0.1,0.9,0,1.56,3.35,94.33,999.9,999.9,999.9,999.9
2020-01-26,-1.7,-0.9,0.1,0,0.95,2.35,95.63,999.9,999.9,999.9,999.9
2020-01-27,0.1,4.1,8.8,0.6,4.17,3.4,86.25,999.9,999.9,999.9,999.9
2020-01-28,3.4,5.3,8.4,10.4,3.145,5.75,84.29,999.9,999.9,999.9,999.9
2020-01-29,1.7,3.9,5.7,3,2.455,7.4,78.96,999.9,999.9,999.9,999.9
2020-01-30,2.6,5.1,7.6,5,1.45,6.3,80.83,999.9,999.9,999.9,999.9
2020-01-31,5.4,9,10.8,1.8,3.41,6.2,79.79,999.9,999.9,999.9,999.9
2020-02-01,8.3,10.6,12.8,6.8,1.745,5.6,82.63,999.9,999.9,999.9,999.9
2020-02-02,5.4,7,8.6,2.4,1.15,5.65,84.04,999.9,999.9,999.9,999.9
2020-02-03,5.1,6.7,8.7,3.2,2.18,3.7,90.92,999.9,999.9,999.9,999.9
2020-02-04,3.1,4.9,6.6,1.2,3.27,4.95,85,999.9,999.9,999.9,999.9
2020-02-05,1.7,2.7,4.4,2,6.04,4.05,80,999.9,999.9,999.9,999.9
2020-02-06,1.7,3.9,6.1,0,2.335,5.05,83.13,999.9,999.9,999.9,999.9
2020-02-07,4.4,5.4,7.1,0.2,2.475,2.45,90.54,999.9,999.9,999.9,999.9
2020-02-08,0.9,4.2,8.1,0,7.61,3.3,82.25,999.9,999.9,999.9,999.9
2020-02-09,3.8,7.5,11.3,2.4,6.5,5.9,70.5,999.9,999.9,999.9,999.9
2020-02-10,3.4,7.1,12.9,10,2.205,8.35,77.17,999.9,999.9,999.9,999.9
2020-02-11,3.2,4.7,6.4,0.4,2.555,9,69.5,999.9,999.9,999.9,999.9
2020-02-12,2.6,4.1,6,0,2.765,8,64.92,999.9,999.9,999.9,999.9
2020-02-13,0.4,3.6,6.3,0,5.71,4.75,71.42,999.9,999.9,999.9,999.9
2020-02-14,1.9,3.8,5.5,0.6,2.37,2.1,91.04,999.9,999.9,999.9,999.9
2020-02-15,0.3,4.8,9.9,0.2,6.71,3.6,85.29,999.9,999.9,999.9,999.9
2020-02-16,6.6,10.4,16.2,3.4,2.185,6.3,61.04,999.9,999.9,999.9,999.9
2020-02-17,6.8,9.9,16.4,0,3.705,6.45,64.21,999.9,999.9,999.9,999.9
2020-02-18,4.5,6.7,8.3,0.6,5,6.55,71.42,999.9,999.9,999.9,999.9
2020-02-19,3.1,4.5,6,8,2.99,5.5,82,999.9,999.9,999.9,999.9
2020-02-20,0.6,4.9,7.6,0.2,5.675,4.45,79.42,999.9,999.9,999.9,999.9
2020-02-21,4.1,5.6,7.4,6.2,4.72,6.4,74.88,999.9,999.9,999.9,999.9
2020-02-22,5.1,7.7,11.7,1.2,4.445,7.7,64.46,999.9,999.9,999.9,999.9
2020-02-23,4.3,6.5,7.7,18.6,1.7,6.2,83.25,999.9,999.9,999.9,999.9
2020-02-24,3.9,5.1,6.8,6.2,5.72,5.95,78.5,999.9,999.9,999.9,999.9
2020-02-25,3.2,7.7,10.8,1.4,6.19,5.6,77,999.9,999.9,999.9,999.9
2020-02-26,1.4,2.6,4.1,4.6,2.95,3.7,88.58,999.9,999.9,999.9,999.9
2020-02-27,1.3,2.9,5.8,1.4,5.14,3.4,83.04,999.9,999.9,999.9,999.9
2020-02-28,0.3,2.8,6.7,0,6.225,4.1,79.33,999.9,999.9,999.9,999.9
2020-02-29,1.7,5.6,9.8,1.6,6.42,4.95,80.38,999.9,999.9,999.9,999.9
2020-03-01,2.3,5.9,10.9,4.4,6.735,4.65,79.33,999.9,999.9,999.9,999.9
2020-03-02,2,4.6,7.6,0.2,4.015,3.1,85.33,999.9,999.9,999.9,999.9
2020-03-03,2.1,3.7,5.3,6.4,2.19,3.2,91.92,999.9,999.9,999.9,999.9
2020-03-04,0.6,3.6,8.3,0,8.75,3.25,81.83,999.9,999.9,999.9,999.9
2020-03-05,0.6,5,10.1,0.2,11.22,3.15,77.79,999.9,999.9,999.9,999.9
2020-03-06,3.2,5.5,7.8,2.2,2.415,3.3,85.5,999.9,999.9,999.9,999.9
2020-03-07,2.8,4.3,6.2,2.2,1.59,5.1,88.58,999.9,999.9,999.9,999.9
2020-03-08,0.3,5.4,9.7,0,8.915,3.25,78.54,999.9,999.9,999.9,999.9
2020-03-09,3.9,6.2,8.6,1.4,3.08,2.85,88.71,999.9,999.9,999.9,999.9
2020-03-10,1.6,5.2,8.6,7.4,4.44,5.55,88.04,999.9,999.9,999.9,999.9
2020-03-11,6.4,9.3,12.3,2.8,10.835,6.1,73.33,999.9,999.9,999.9,999.9
2020-03-12,3.1,9.4,13.8,4.8,7.44,7.65,67.75,999.9,999.9,999.9,999.9
2020-03-13,2.6,6,9.4,0,6.505,7.25,69.08,999.9,999.9,999.9,999.9
2020-03-14,-0.9,2.7,6.5,0,16.105,2.15,64.88,999.9,999.9,999.9,999.9
2020-03-15,-2.8,4.3,10.8,0,14.575,4.55,48.92,999.9,999.9,999.9,999.9
2020-03-16,2.9,8.6,15.2,0,14.315,3,55.58,999.9,999.9,999.9,999.9
2020-03-17,2.4,8.9,15.1,0,9.78,2.2,75.54,999.9,999.9,999.9,999.9
2020-03-18,5.3,10.7,16.6,0,14.23,3.6,68.13,999.9,999.9,999.9,999.9
2020-03-19,6.9,9.8,14.7,0,8.59,2.45,75.54,999.9,999.9,999.9,999.9
2020-03-20,5,6.8,8.4,0,3.59,1.95,69.88,999.9,999.9,999.9,999.9
2020-03-21,-0.3,3.6,7.2,0,13.53,3.55,61,999.9,999.9,999.9,999.9
2020-03-22,-3.3,0.7,5.3,0,17.435,3.25,53.13,999.9,999.9,999.9,999.9
2020-03-23,-5.2,0.1,5.7,0,18.485,2.65,50.21,999.9,999.9,999.9,999.9
2020-03-24,-5.1,1.5,7.9,0,19.035,3.1,50.13,999.9,999.9,999.9,999.9
2020-03-25,-3.2,3.4,9.5,0,18.705,3.9,46.83,999.9,999.9,999.9,999.9
2020-03-26,-2.5,4.9,10.9,0,17.495,3.5,47.46,999.9,999.9,999.9,999.9
2020-03-27,1.8,7.9,15.1,0,17.28,2.75,49.83,999.9,999.9,999.9,999.9
2020-03-28,1.4,6.5,13.2,0,17.18,2.55,70,999.9,999.9,999.9,999.9
2020-03-29,-1.3,2.9,5.7,2.4,4.55,3.95,76.17,999.9,999.9,999.9,999.9
2020-03-30,-3.3,0.7,5.4,0,12.85,3.55,68.33,999.9,999.9,999.9,999.9
2020-03-31,-2.6,0.6,4.7,0,13.805,2.45,64.29,999.9,999.9,999.9,999.9
2020-04-01,-2.1,3.9,9.8,0,19.075,4.1,55.38,999.9,999.9,999.9,999.9
2020-04-02,3,6.2,10.1,0,10.375,4.35,58.17,999.9,999.9,999.9,999.9
2020-04-03,2.3,7.2,11.1,0,16.67,5.4,56.17,999.9,999.9,999.9,999.9
2020-04-04,2.2,7.1,12.4,0,16.38,1.75,56.17,999.9,999.9,999.9,999.9
2020-04-05,-0.2,8.8,16.1,0,21.275,3.8,51.25,999.9,999.9,999.9,999.9
2020-04-06,4.4,13.3,22.4,0,21.405,3.95,41.17,999.9,999.9,999.9,999.9
2020-04-07,8,13.7,19.8,0,20.455,3.05,50.46,999.9,999.9,999.9,999.9
2020-04-08,4.3,13.2,21.9,0,20.815,2,57.21,999.9,999.9,999.9,999.9
2020-04-09,7.4,12.6,18.8,0,17.985,2.85,64.17,999.9,999.9,999.9,999.9
2020-04-10,2.7,9.5,15.8,0,22.11,1.9,57.58,999.9,999.9,999.9,999.9
2020-04-11,2.4,8.7,14.8,0,22.245,1.7,59.54,999.9,999.9,999.9,999.9
2020-04-12,2.8,13.7,22.9,0,21.94,2.65,48.83,999.9,999.9,999.9,999.9
2020-04-13,3.4,8.5,13.9,5.4,12.385,3.85,60.21,999.9,999.9,999.9,999.9
2020-04-14,0.2,8.6,10.2,0,19.145,4.1,55.5,999.9,999.9,999.9,999.9
2020-04-15,3.8,8.4,14.5,0,18.995,5.35,56.13,999.9,999.9,999.9,999.9
2020-04-16,6.5,12.5,18.6,0,21.96,3.8,54.25,999.9,999.9,999.9,999.9
2020-04-17,6,10.7,15.7,0,21.94,1.85,50.96,999.9,999.9,999.9,999.9
2020-04-18,2.3,9.8,16.7,0,24.745,2.85,38.75,999.9,999.9,999.9,999.9
2020-04-19,3.3,8.4,13.2,0.2,24.985,3.6,42,999.9,999.9,999.9,999.9
2020-04-20,1.4,8.7,15.1,0,25.315,3.45,49.67,999.9,999.9,999.9,999.9
2020-04-21,2.3,10.1,17.1,0,24.92,4.05,48.79,999.9,999.9,999.9,999.9
2020-04-22,3.4,11.4,19.2,0,25.005,3.3,51.63,999.9,999.9,999.9,999.9
2020-04-23,4.9,13.4,20.8,0,25.34,1.8,50.92,999.9,999.9,999.9,999.9
2020-04-24,6.8,14.9,22.6,0,21.47,3.2,50.38,999.9,999.9,999.9,999.9
2020-04-25,7.3,11,14.7,0,15.96,3.35,55.75,999.9,999.9,999.9,999.9
2020-04-26,6.6,11.8,18.3,0,20.94,1.75,50.75,999.9,999.9,999.9,999.9
2020-04-27,5.1,14.3,22.6,0,24.41,2.5,46.17,999.9,999.9,999.9,999.9
2020-04-28,2.9,17.2,24.4,0.4,21.32,2.5,50.63,999.9,999.9,999.9,999.9
2020-04-29,7.1,11.2,15.2,4,10.43,2.05,83.33,999.9,999.9,999.9,999.9
2020-04-30,4.8,13.6,19.8,0.4,14.14,3.15,75.25,999.9,999.9,999.9,999.9
2020-05-01,10.1,14.1,18.1,0,17.265,3.95,60.96,999.9,999.9,999.9,999.9
2020-05-02,7.6,10.8,15.3,1.8,14.755,3.6,74,999.9,999.9,999.9,999.9
2020-05-03,7.2,10.9,15.2,0,13.985,3.65,69.46,999.9,999.9,999.9,999.9
2020-05-04,5.3,10.2,15.6,3.8,9.395,1.8,78.75,999.9,999.9,999.9,999.9
2020-05-05,3.7,7.4,11.7,2,19.93,2.9,76.54,999.9,999.9,999.9,999.9
2020-05-06,4.8,10.8,16.9,0,24.28,3.4,61.33,999.9,999.9,999.9,999.9
2020-05-07,5.9,9.9,14.3,0,13.485,3.25,66.96,999.9,999.9,999.9,999.9
2020-05-08,7.1,14.9,21.8,0,8.59,2.3,54.21,999.9,999.9,999.9,999.9
2020-05-09,8.1,16.2,23.1,0,27.815,1.85,51.25,999.9,999.9,999.9,999.9
2020-05-10,8.7,18,25.6,0,17.825,2.6,59.92,999.9,999.9,999.9,999.9
2020-05-11,4.3,8.4,16.6,12.6,2.945,3.05,87.54,999.9,999.9,999.9,999.9
2020-05-12,0.9,7,11.8,0,21.775,3.9,61.75,999.9,999.9,999.9,999.9
2020-05-13,3.8,9,14.3,0,18.04,2.2,61.29,999.9,999.9,999.9,999.9
2020-05-14,4.4,9.3,14.2,0,22.78,2.3,63.58,999.9,999.9,999.9,999.9
2020-05-15,1.6,10.1,16.1,0,28.595,2.85,56.33,999.9,999.9,999.9,999.9
2020-05-16,7.3,11.8,16.1,0,18.6,4.4,53.21,999.9,999.9,999.9,999.9
2020-05-17,9,13.6,18.6,0.2,27.67,3.85,52.17,999.9,999.9,999.9,999.9
2020-05-18,10.7,16.3,22.2,0,3.985,3.75,54.5,999.9,999.9,999.9,999.9
2020-05-19,12,15.3,19.8,0,15.075,3.25,69.54,999.9,999.9,999.9,999.9
2020-05-20,10.1,14.8,19.9,0,27.1,2,58.04,999.9,999.9,999.9,999.9
2020-05-21,6.9,14.3,20.3,0,28.965,2.3,50.63,999.9,999.9,999.9,999.9
2020-05-22,6.7,16.2,23.4,0,23.3,3.15,44.54,999.9,999.9,999.9,999.9
2020-05-23,9.3,14.2,20.2,4,10.445,3.15,74.54,999.9,999.9,999.9,999.9
2020-05-24,9.4,11.7,17.6,11.6,17.17,3.85,78.75,999.9,999.9,999.9,999.9
2020-05-25,9.4,11.6,14.1,1.4,11.985,3.35,84.46,999.9,999.9,999.9,999.9
2020-05-26,7.9,13.2,19.3,0.2,27.12,1.9,72.13,999.9,999.9,999.9,999.9
2020-05-27,7.9,15.8,21.9,0,28.925,1.8,57.58,999.9,999.9,999.9,999.9
2020-05-28,10.5,14.6,19.8,0.6,23.11,3,59.71,999.9,999.9,999.9,999.9
2020-05-29,6.8,13.9,20,0,23.15,2.65,55.33,999.9,999.9,999.9,999.9
2020-05-30,7.1,13.4,18.3,0,23.46,3.1,53.83,999.9,999.9,999.9,999.9
2020-05-31,9.2,15.7,23.5,0,24.32,3.15,59.88,999.9,999.9,999.9,999.9
2020-06-01,8,16.7,23.9,0,30.93,2.8,52.5,999.9,999.9,999.9,999.9
2020-06-02,10.6,18.9,27,0,26.825,2.7,52.38,999.9,999.9,999.9,999.9
2020-06-03,10.4,17.8,24.2,0,30.235,2.2,47.08,999.9,999.9,999.9,999.9
2020-06-04,11.7,18.6,25.1,0.4,20.47,3.75,53.04,999.9,999.9,999.9,999.9
2020-06-05,13.2,15.7,18.2,0.6,15.78,4.3,66.75,999.9,999.9,999.9,999.9
2020-06-06,9.7,14.7,19.6,0.4,22.505,4.65,54.29,999.9,999.9,999.9,999.9
2020-06-07,9.9,14.3,18.3,1.2,11.01,2.05,74.25,999.9,999.9,999.9,999.9
2020-06-08,12.2,16.6,21.2,2.2,23.46,1.75,61.96,999.9,999.9,999.9,999.9
2020-06-09,10.5,17.2,22.9,0,17.14,1.95,59.58,999.9,999.9,999.9,999.9
2020-06-10,10.5,16.8,22.5,0,23.795,2.65,66.13,999.9,999.9,999.9,999.9
2020-06-11,15,18.2,22.7,1,10.065,1.7,82.88,999.9,999.9,999.9,999.9
2020-06-12,15.1,21.6,29.2,0,22.665,2.45,71.58,999.9,999.9,999.9,999.9
2020-06-13,18.1,23.2,33.4,13.8,18.88,3.1,73.79,999.9,999.9,999.9,999.9
2020-06-14,17.2,21.2,26.1,0,22.41,3.15,60.79,999.9,999.9,999.9,999.9
2020-06-15,13.1,19.2,24.6,0,29.83,2.3,53.96,999.9,999.9,999.9,999.9
2020-06-16,12.7,20.4,26.2,0,29.435,1.55,56.46,999.9,999.9,999.9,999.9
2020-06-17,15,22.8,28.6,0,26.415,1.85,52.5,999.9,999.9,999.9,999.9
2020-06-18,17,20.6,25.6,0,17.49,2.2,63.58,999.9,999.9,999.9,999.9
2020-06-19,15.7,18.3,21.7,0,10.12,2.7,80.29,999.9,999.9,999.9,999.9
2020-06-20,14.6,16.1,17.7,1.2,5.505,4.45,87.63,999.9,999.9,999.9,999.9
2020-06-21,14.5,16,17.4,8.4,5.52,2.75,92.33,999.9,999.9,999.9,999.9
2020-06-22,13.4,20.1,26.3,0,28.345,2.75,64.21,999.9,999.9,999.9,999.9
2020-06-23,13.7,18.9,23.4,0,31.135,2.45,57,999.9,999.9,999.9,999.9
2020-06-24,12.7,19.2,23.6,0,18.29,1.95,66.67,999.9,999.9,999.9,999.9
2020-06-25,18,22.3,27.8,0,24.555,3.1,65.46,999.9,999.9,999.9,999.9
2020-06-26,16.6,22.9,28.6,0,19.9,2.6,69.83,999.9,999.9,999.9,999.9
2020-06-27,16.2,24.1,30.8,0,25.835,2.35,63,999.9,999.9,999.9,999.9
2020-06-28,19.7,24.2,31.1,0,20.075,3.2,66.71,999.9,999.9,999.9,999.9
2020-06-29,15.8,19.2,25.2,2.4,18.405,2,66.58,999.9,999.9,999.9,999.9
2020-06-30,14.3,18.3,24.6,0,27.205,4.55,55.5,999.9,999.9,999.9,999.9
2020-07-01,16.1,19.8,24.2,19.4,12.595,3.1,73.42,999.9,999.9,999.9,999.9
2020-07-02,16.1,20.2,24.5,0.4,21.18,2.7,70.79,999.9,999.9,999.9,999.9
2020-07-03,16.3,19.8,23.6,0,22.965,3.45,63.21,999.9,999.9,999.9,999.9
2020-07-04,13.7,21.3,26.5,0,24.68,4.15,55,999.9,999.9,999.9,999.9
2020-07-05,19.6,23.3,28,0,17.91,5.2,60.96,999.9,999.9,999.9,999.9
2020-07-06,14.2,19.2,22.8,0,24.1,5.45,58.83,999.9,999.9,999.9,999.9
2020-07-07,11.2,16.2,20.8,0,22.37,4.1,56.13,999.9,999.9,999.9,999.9
2020-07-08,12.3,14.7,17.9,0.6,11.085,2.9,78.54,999.9,999.9,999.9,999.9
2020-07-09,13,16.8,20.8,5.6,10.11,2.45,85.92,999.9,999.9,999.9,999.9
2020-07-10,14.8,19.8,27.5,0.8,13.055,3.6,80.21,999.9,999.9,999.9,999.9
2020-07-11,11.4,16.1,20.8,0,23.65,2.75,66.21,999.9,999.9,999.9,999.9
2020-07-12,10.7,16.4,21.4,0,26.83,2.6,63.42,999.9,999.9,999.9,999.9
2020-07-13,13.9,18.8,24.4,0,28.105,1.9,60.5,999.9,999.9,999.9,999.9
2020-07-14,11.7,21.3,29.4,0,26.625,2.4,52.33,999.9,999.9,999.9,999.9
2020-07-15,13.7,18.1,23.1,5.2,11.82,2.35,74.21,999.9,999.9,999.9,999.9
2020-07-16,13.4,16.1,20.7,2.4,17.205,2.05,80.5,999.9,999.9,999.9,999.9
2020-07-17,12.3,16.9,20.9,0,14.55,1.9,80.29,999.9,999.9,999.9,999.9
2020-07-18,13.4,20.8,28.1,0,22.86,1.35,70.88,999.9,999.9,999.9,999.9
2020-07-19,17.3,22.9,31.4,2,20.965,1.65,73.17,999.9,999.9,999.9,999.9
2020-07-20,15.4,20.1,25.3,1,20.105,2,80.96,999.9,999.9,999.9,999.9
2020-07-21,13.7,18.3,23.3,0,25.04,2.4,65.21,999.9,999.9,999.9,999.9
2020-07-22,12.2,17.9,22.7,0,25.275,2.4,61.71,999.9,999.9,999.9,999.9
2020-07-23,13.4,17.7,22.2,1.2,20.525,1.8,65.08,999.9,999.9,999.9,999.9
2020-07-24,12.6,21,28.4,0,24.28,3.1,59.79,999.9,999.9,999.9,999.9
2020-07-25,15.2,21.1,25.9,0,19.23,1.65,67.79,999.9,999.9,999.9,999.9
2020-07-26,15.9,19.7,25.2,3.2,13.975,2.8,77.04,999.9,999.9,999.9,999.9
2020-07-27,15,21.1,27.7,0.4,18.98,1.85,66.88,999.9,999.9,999.9,999.9
2020-07-28,17.9,23.3,29.2,0,19.115,3.5,56.63,999.9,999.9,999.9,999.9
2020-07-29,15.7,19.6,23.6,0,20.415,3.7,58.75,999.9,999.9,999.9,999.9
2020-07-30,12.6,18.7,24.2,0,26.265,2.65,58.29,999.9,999.9,999.9,999.9
2020-07-31,13.3,19.8,26.6,0,28.025,2.3,57.13,999.9,999.9,999.9,999.9
2020-08-01,12,21.3,28.9,0,27.215,2.55,59.46,999.9,999.9,999.9,999.9
2020-08-02,18.8,21,27.8,1.8,9.725,2.3,72.08,999.9,999.9,999.9,999.9
2020-08-03,15.4,18.6,21.1,3.2,10.895,2.1,77.21,999.9,999.9,999.9,999.9
2020-08-04,12.7,17.6,22.6,0,17.375,1.95,66.58,999.9,999.9,999.9,999.9
2020-08-05,11.2,19.9,27.2,0,25.34,1.95,58.38,999.9,999.9,999.9,999.9
2020-08-06,13.6,22.7,30.3,0,26.85,2.45,54.67,999.9,999.9,999.9,999.9
2020-08-07,17.2,25.3,33.4,0,24.32,2.55,56.13,999.9,999.9,999.9,999.9
2020-08-08,19.7,27.8,35.6,0,23.415,2.25,54.5,999.9,999.9,999.9,999.9
2020-08-09,20.2,27.3,35.8,0,17.215,2.3,57.13,999.9,999.9,999.9,999.9
2020-08-10,19.4,25.1,32.8,0,14.35,2,60.13,999.9,999.9,999.9,999.9
2020-08-11,17.6,25.1,32.3,0,24.78,2.9,57.5,999.9,999.9,999.9,999.9
2020-08-12,15.3,23.9,31.1,0,25.87,2.85,50.92,999.9,999.9,999.9,999.9
2020-08-13,15.7,24.7,32.6,0,19.64,2.55,46.08,999.9,999.9,999.9,999.9
2020-08-14,18,21.8,26.7,2.4,7.785,1.9,64.71,999.9,999.9,999.9,999.9
2020-08-15,18.4,22.1,30.3,9.8,19.275,1.95,64.21,999.9,999.9,999.9,999.9
2020-08-16,15.2,23.1,30,0,24.95,2.95,52.29,999.9,999.9,999.9,999.9
2020-08-17,15.7,23.6,31.3,0,22.465,2.6,54.46,999.9,999.9,999.9,999.9
2020-08-18,17.7,20.8,23.4,0,9.585,2.55,75.04,999.9,999.9,999.9,999.9
2020-08-19,17.5,22.9,26.4,1,18.6,2.1,69.13,999.9,999.9,999.9,999.9
2020-08-20,14.3,23.1,31.1,0,19.875,2.05,57.63,999.9,999.9,999.9,999.9
2020-08-21,18.1,27.3,34.8,0,22.425,2.8,46.25,999.9,999.9,999.9,999.9
2020-08-22,19.5,23.1,27.3,4.6,8.85,2.8,78,999.9,999.9,999.9,999.9
2020-08-23,15.5,19.7,25.8,0.6,16.585,3.35,68.58,999.9,999.9,999.9,999.9
2020-08-24,14.2,18.4,23.2,0,15.73,3.15,65.96,999.9,999.9,999.9,999.9
2020-08-25,13.4,18.6,23.4,0,18.18,3,63.63,999.9,999.9,999.9,999.9
2020-08-26,15.4,17.1,21.8,9.8,6.785,5.45,78.13,999.9,999.9,999.9,999.9
2020-08-27,16.7,16.7,20.1,1,12.545,5.65,71.46,999.9,999.9,999.9,999.9
2020-08-28,11.9,16.4,23,3.4,10.73,2.55,76,999.9,999.9,999.9,999.9
2020-08-29,16.1,18.9,23.7,0.6,13.765,3.2,64.58,999.9,999.9,999.9,999.9
2020-08-30,15.5,18.1,22.4,19.6,8.36,1.95,76.63,999.9,999.9,999.9,999.9
2020-08-31,14.4,16.6,21.4,14,14.45,2.05,87.67,999.9,999.9,999.9,999.9
2020-09-01,10.2,14.1,18,0.2,11.92,1.75,76.38,999.9,999.9,999.9,999.9
2020-09-02,11.2,14.4,20,0.4,9.99,2.8,82,999.9,999.9,999.9,999.9
2020-09-03,13.3,17.2,22.4,6.4,17.715,3.6,69.54,999.9,999.9,999.9,999.9
2020-09-04,15.1,18,22.7,6.4,9.175,3.55,85.63,999.9,999.9,999.9,999.9
2020-09-05,13.8,16.7,18,0.8,5.58,2.35,85.67,999.9,999.9,999.9,999.9
2020-09-06,11.6,15.2,20.1,0,17.86,3.1,71.54,999.9,999.9,999.9,999.9
2020-09-07,9.8,14.3,19.8,0,16.35,2.55,74.58,999.9,999.9,999.9,999.9
2020-09-08,11.2,16.8,23.3,0,12.94,3.9,69.75,999.9,999.9,999.9,999.9
2020-09-09,14.9,19.8,26.5,0,13.5,3.3,73.38,999.9,999.9,999.9,999.9
2020-09-10,10.2,15.8,20.5,0.2,15.2,2.9,70.75,999.9,999.9,999.9,999.9
2020-09-11,7.8,14.8,21.9,0,3.86,2.1,65.29,999.9,999.9,999.9,999.9
2020-09-12,10.3,18.1,25.7,0,16.955,2.95,64.29,999.9,999.9,999.9,999.9
2020-09-13,12.3,17.9,24.1,0,15.79,2.85,66.17,999.9,999.9,999.9,999.9
2020-09-14,13.3,20.8,29.3,0,16.965,1.8,64.79,999.9,999.9,999.9,999.9
2020-09-15,14.6,22.1,30.3,0,16.7,2.7,62.96,999.9,999.9,999.9,999.9
2020-09-16,15.4,22.4,29.8,0,16.32,2.45,62.04,999.9,999.9,999.9,999.9
2020-09-17,9.6,14.9,18.3,0,17.56,2.6,63.25,999.9,999.9,999.9,999.9
2020-09-18,5.4,12.1,18.8,0,18.065,1.5,65.29,999.9,999.9,999.9,999.9
2020-09-19,5.4,13.1,21.2,0,15.41,2.45,64.17,999.9,999.9,999.9,999.9
2020-09-20,6.7,14.3,23.1,0,16.44,2.75,61.38,999.9,999.9,999.9,999.9
2020-09-21,7.2,15.1,24.1,0,16.44,2.35,64.33,999.9,999.9,999.9,999.9
2020-09-22,11.1,17.8,26.4,0,15.615,2.3,64.21,999.9,999.9,999.9,999.9
2020-09-23,13.6,19.8,27.6,0,13.78,2.25,63.67,999.9,999.9,999.9,999.9
2020-09-24,13.6,18.4,23.2,0,10.05,2.95,71,999.9,999.9,999.9,999.9
2020-09-25,11.6,13.6,15.3,13.6,3.05,2.45,89.54,999.9,999.9,999.9,999.9
2020-09-26,9.1,10.7,12.1,30.8,1.255,3.45,93.67,999.9,999.9,999.9,999.9
2020-09-27,6.8,9.5,11.9,0,5.73,2.1,84.33,999.9,999.9,999.9,999.9
2020-09-28,6.7,12.6,17.9,0,14.4,2.25,75,999.9,999.9,999.9,999.9
2020-09-29,11.7,13.9,17.7,0,9.47,1.6,78.58,999.9,999.9,999.9,999.9
2020-09-30,9.6,11.9,15.6,0,8.16,1.3,92.38,999.9,999.9,999.9,999.9
2020-10-01,9.3,12.1,14.7,0.2,5.04,1.25,92.58,999.9,999.9,999.9,999.9
2020-10-02,12.6,13.6,15.9,2.8,4.36,3.45,88.46,999.9,999.9,999.9,999.9
2020-10-03,12.2,16.6,21.7,0,12.07,3.9,80.92,999.9,999.9,999.9,999.9
2020-10-04,8.8,14.3,18.8,3.2,10.535,2.6,79.71,999.9,999.9,999.9,999.9
2020-10-05,7,11.4,16.6,0,7.24,3.15,87.54,999.9,999.9,999.9,999.9
2020-10-06,8.9,12.5,15.3,0,6.825,3.7,76.42,999.9,999.9,999.9,999.9
2020-10-07,10.5,12.8,16.2,2.2,7.205,3.45,81.79,999.9,999.9,999.9,999.9
2020-10-08,8.7,12.2,15.3,1.8,7.635,4.45,80.96,999.9,999.9,999.9,999.9
2020-10-09,11,13.5,15.8,3,6.21,3,84.13,999.9,999.9,999.9,999.9
2020-10-10,6.7,11.2,13.5,0.4,5.255,3.15,84.67,999.9,999.9,999.9,999.9
2020-10-11,3.9,7.2,11.4,0.2,6.675,2.5,86.25,999.9,999.9,999.9,999.9
2020-10-12,5.2,7.8,11.3,0.2,6.215,1.7,89.88,999.9,999.9,999.9,999.9
2020-10-13,2.9,7.5,10.8,0.2,6.01,1.85,90.54,999.9,999.9,999.9,999.9
2020-10-14,8.7,9.4,10.3,20.8,1.32,4.35,90.38,999.9,999.9,999.9,999.9
2020-10-15,9.7,10.4,11.7,2.4,2.555,2.75,90,999.9,999.9,999.9,999.9
2020-10-16,8.1,9.3,11.3,0.2,3.88,2.4,86.71,999.9,999.9,999.9,999.9
2020-10-17,6.3,8.4,10.3,0.4,7.83,1.7,84.17,999.9,999.9,999.9,999.9
2020-10-18,6.8,8,9.8,0.6,2.99,4.75,88.08,999.9,999.9,999.9,999.9
2020-10-19,6.7,8.3,10.8,0,5.315,2.6,86,999.9,999.9,999.9,999.9
2020-10-20,3.6,7.7,11.9,0,5.875,3.2,83.46,999.9,999.9,999.9,999.9
2020-10-21,10.3,11.9,14.9,0.2,3.56,3.15,76.29,999.9,999.9,999.9,999.9
2020-10-22,12.4,15.1,19.4,0,6.38,4,73.58,999.9,999.9,999.9,999.9
2020-10-23,11.9,13.9,16.7,3.4,3.015,2.15,89.54,999.9,999.9,999.9,999.9
2020-10-24,10,12.4,15.9,0,6.635,3,87.25,999.9,999.9,999.9,999.9
2020-10-25,7.6,11.6,16.7,0.2,8.29,3.05,80.83,999.9,999.9,999.9,999.9
2020-10-26,8.7,10.8,13.2,0,3.445,2.25,91.17,999.9,999.9,999.9,999.9
2020-10-27,7.9,9.8,12.6,0,4.665,3.25,81.46,999.9,999.9,999.9,999.9
2020-10-28,7.1,9.5,13.1,0,3.42,3.45,82.67,999.9,999.9,999.9,999.9
2020-10-29,8.2,9.7,12.2,1.4,5.845,4.55,81,999.9,999.9,999.9,999.9
2020-10-30,6.3,10.4,13.4,9.6,1.3,3.85,94.42,999.9,999.9,999.9,999.9
2020-10-31,13,13.6,14.8,1.8,2.585,2.4,98.71,999.9,999.9,999.9,999.9
2020-11-01,9,11.6,13.1,0.4,1.97,2.75,94.79,999.9,999.9,999.9,999.9
2020-11-02,12.9,15.5,17.8,4.4,3.465,3.75,89.08,999.9,999.9,999.9,999.9
2020-11-03,9,12.1,16.1,0,6.765,3.1,79.04,999.9,999.9,999.9,999.9
2020-11-04,5.9,8.6,10.6,0,5.61,3.2,81.38,999.9,999.9,999.9,999.9
2020-11-05,3.5,6.9,9.8,0.2,6.45,3.45,86.46,999.9,999.9,999.9,999.9
2020-11-06,8,8.9,10.2,0,1.595,3.2,89.75,999.9,999.9,999.9,999.9
2020-11-07,5.6,7.9,11.1,0.2,6.85,2.3,90.46,999.9,999.9,999.9,999.9
2020-11-08,1.4,4.2,5.8,0,4.34,2.1,99.08,999.9,999.9,999.9,999.9
2020-11-09,5.1,5.6,6.1,0.2,1.06,3.1,92.92,999.9,999.9,999.9,999.9
2020-11-10,4.4,5,5.6,0,0.84,3.05,94,999.9,999.9,999.9,999.9
2020-11-11,4.8,5.3,5.9,0.2,0.885,1.95,91.88,999.9,999.9,999.9,999.9
2020-11-12,5.4,6.5,8.4,0,2.5,2.45,85.63,999.9,999.9,999.9,999.9
2020-11-13,5.5,7.3,10.4,0,4.29,2.3,90.33,999.9,999.9,999.9,999.9
2020-11-14,6.6,10.2,13.7,0,3.72,2.2,92,999.9,999.9,999.9,999.9
2020-11-15,5.3,9.4,14.2,0,4.915,3.4,82.75,999.9,999.9,999.9,999.9
2020-11-16,5.1,8.6,11.4,1.4,2.875,3.55,85.58,999.9,999.9,999.9,999.9
2020-11-17,8,9.7,11.2,1.6,2.86,4.2,88.17,999.9,999.9,999.9,999.9
2020-11-18,7.1,10,11.9,0,2.34,3.6,83.5,999.9,999.9,999.9,999.9
2020-11-19,4.4,8.9,10.8,0.8,1.69,5.5,73.67,999.9,999.9,999.9,999.9
2020-11-20,0.8,3.1,5.7,0,4.715,3.6,84.33,999.9,999.9,999.9,999.9
2020-11-21,-0.4,3.2,5.9,0.2,3.86,4.3,80.96,999.9,999.9,999.9,999.9
2020-11-22,5.4,6.7,8.9,1.2,1.59,5.05,81.38,999.9,999.9,999.9,999.9
2020-11-23,4.4,5.9,7.9,0.2,4.32,4.45,86.96,999.9,999.9,999.9,999.9
2020-11-24,-0.3,2.6,5.7,0,4.32,2.85,90.63,999.9,999.9,999.9,999.9
2020-11-25,-2.9,0.1,3.8,0,3.095,2.2,92.21,999.9,999.9,999.9,999.9
2020-11-26,-0.4,2.3,5.5,0,1.165,2.6,94.21,999.9,999.9,999.9,999.9
2020-11-27,3.5,5.1,5.9,0,1.37,1.2,91.58,999.9,999.9,999.9,999.9
2020-11-28,1.3,3.3,5.5,0,2.025,1.35,86.13,999.9,999.9,999.9,999.9
2020-11-29,2.1,3.2,4.5,0,2.105,2.4,92.29,999.9,999.9,999.9,999.9
2020-11-30,-1.2,0.7,2.2,0,1.065,2.35,88.46,999.9,999.9,999.9,999.9
2020-12-01,-0.1,1.7,3.1,0,1.78,2.55,85.83,999.9,999.9,999.9,999.9
2020-12-02,-2.1,-0.3,1.8,0,2.425,2.6,91.79,999.9,999.9,999.9,999.9
2020-12-03,-3.2,-1.7,-0.1,0.2,1.065,3.55,86.46,999.9,999.9,999.9,999.9
2020-12-04,-4.2,-0.2,4.1,0.2,2.285,3.45,91.17,999.9,999.9,999.9,999.9
2020-12-05,-1.4,2.1,8,0.2,3.265,3.25,90.42,999.9,999.9,999.9,999.9
2020-12-06,0.4,6.8,11.6,0.2,2.76,4.55,83.71,999.9,999.9,999.9,999.9
2020-12-07,4.9,6.1,8.7,0,0.43,3.95,82.88,999.9,999.9,999.9,999.9
2020-12-08,-0.4,2.7,5.7,0,3.215,3.5,87.63,999.9,999.9,999.9,999.9
2020-12-09,-0.3,0.7,1.6,0.4,0.835,4,89.5,999.9,999.9,999.9,999.9
2020-12-10,-1.4,-1,-0.3,0,0.345,3.05,92.13,999.9,999.9,999.9,999.9
2020-12-11,-1.4,-0.7,0.7,0,0.875,3.3,92.75,999.9,999.9,999.9,999.9
2020-12-12,-0.2,1.4,2.3,0,1.105,3.25,91.63,999.9,999.9,999.9,999.9
2020-12-13,1.8,2.6,3.3,0.6,0.76,1.25,98.33,999.9,999.9,999.9,999.9
2020-12-14,2.7,3.9,5.4,0,2.795,2.65,94.75,999.9,999.9,999.9,999.9
2020-12-15,0.8,3.8,6.4,0,1.65,3.15,85.75,999.9,999.9,999.9,999.9
2020-12-16,5.8,7.1,8.1,0,1.055,2.15,93.13,999.9,999.9,999.9,999.9
2020-12-17,2.3,4.7,6.1,1,-3.745,3.25,89.63,999.9,999.9,999.9,999.9
2020-12-18,0.9,4.2,6.7,0,3.465,2.6,91.29,999.9,999.9,999.9,999.9
2020-12-19,-1,0.5,3.2,0.4,3.81,3.3,96.63,999.9,999.9,999.9,999.9
2020-12-20,-1.4,0.8,2.8,0.4,3,3,89.83,999.9,999.9,999.9,999.9
2020-12-21,0.9,3.1,5.8,0.8,2.835,2.8,92.21,999.9,999.9,999.9,999.9
2020-12-22,1.4,8,12.3,6.4,1.11,5.5,89.17,999.9,999.9,999.9,999.9
2020-12-23,4.8,6.9,9.4,4.8,1.095,2,94.46,999.9,999.9,999.9,999.9
2020-12-24,3.5,6.9,10.3,2.8,1.55,5.2,89.33,999.9,999.9,999.9,999.9
2020-12-25,1.6,2.3,3.9,0.4,1.28,3.2,86.83,999.9,999.9,999.9,999.9
2020-12-26,0.2,0.9,1.6,0,2.18,4.2,84.5,999.9,999.9,999.9,999.9
2020-12-27,-0.1,0.8,1.9,0,2.27,5.95,67.25,999.9,999.9,999.9,999.9
2020-12-28,0.4,2,3.6,0,1.9,3.55,83.21,999.9,999.9,999.9,999.9
2020-12-29,0.4,2.4,4.7,0.2,2.535,3.35,87.25,999.9,999.9,999.9,999.9
2020-12-30,-2.4,1.5,4.2,0.2,3.92,3,83.29,999.9,999.9,999.9,999.9
2020-12-31,0.6,2.1,4.3,0,3.43,2.7,86.33,999.9,999.9,999.9,999.9
2021-01-01,-1.4,0,1.1,1,1.055,2.05,94.46,999.9,999.9,999.9,999.9
2021-01-02,-3.1,-1.4,0.1,0.4,2.38,2,99.42,999.9,999.9,999.9,999.9
2021-01-03,-1.7,-0.5,0.2,10.8,0.825,3.55,97.38,999.9,999.9,999.9,999.9
2021-01-04,0.1,0.1,0.3,5.6,0.92,2.45,96.63,999.9,999.9,999.9,999.9
2021-01-05,0,0.6,1.8,3.4,0.845,2.45,95.5,999.9,999.9,999.9,999.9
2021-01-06,0.3,0.8,1.9,2.6,1.685,2.3,97.29,999.9,999.9,999.9,999.9
2021-01-07,0.2,0.6,1.1,0,0.815,3.7,91.42,999.9,999.9,999.9,999.9
2021-01-08,-0.1,0.6,1.3,0.2,1.275,2.4,91.54,999.9,999.9,999.9,999.9
2021-01-09,0.1,0.8,1.4,0.2,1.225,2.35,92.25,999.9,999.9,999.9,999.9
2021-01-10,-1.8,-0.1,1.2,0.2,1.725,2.4,92.83,999.9,999.9,999.9,999.9
2021-01-11,-1.8,-0.3,0.7,0.2,1.3,4.75,82.21,999.9,999.9,999.9,999.9
2021-01-12,0.2,0.8,1.6,6,1.035,5.4,91.38,999.9,999.9,999.9,999.9
2021-01-13,-0.1,1.1,2.3,4,1.27,5.85,87.17,999.9,999.9,999.9,999.9
2021-01-14,-0.7,0.4,1.7,3,2.95,3.05,92.79,999.9,999.9,999.9,999.9
2021-01-15,-3.6,-0.9,0.7,0.2,2.09,3,86.25,999.9,999.9,999.9,999.9
2021-01-16,-4.4,-2.6,-0.9,0,2.345,3.7,80.33,999.9,999.9,999.9,999.9
2021-01-17,-8.1,-3.6,-2.1,0,1.94,2.15,82.29,999.9,999.9,999.9,999.9
2021-01-18,-8.7,-4,1.6,4,1.64,2.9,90.75,999.9,999.9,999.9,999.9
2021-01-19,0.7,1.8,3.4,6.8,1.405,4.5,93.5,999.9,999.9,999.9,999.9
2021-01-20,2.7,5.1,7.9,0,3.385,4.65,80.25,999.9,999.9,999.9,999.9
2021-01-21,4.2,7.4,10.7,0,3.99,4.8,66.21,999.9,999.9,999.9,999.9
2021-01-22,1.6,6.8,10.3,0,1.585,4.4,73.96,999.9,999.9,999.9,999.9
2021-01-23,0.1,1.4,2.7,5,0.685,2.3,94.54,999.9,999.9,999.9,999.9
2021-01-24,0,0.5,1.2,3,1.295,1.7,98.33,999.9,999.9,999.9,999.9
2021-01-25,-0.3,0.9,1.9,0,2.035,2.95,91.54,999.9,999.9,999.9,999.9
2021-01-26,-1.1,0.6,2.1,0.2,4.835,3.75,87.92,999.9,999.9,999.9,999.9
2021-01-27,-0.6,0.8,3,0,3.51,3,87.58,999.9,999.9,999.9,999.9
2021-01-28,-2,0.8,2.8,0,2.69,3.1,85.42,999.9,999.9,999.9,999.9
2021-01-29,-4.1,-1.7,0.1,0,3.25,2.3,85.04,999.9,999.9,999.9,999.9
2021-01-30,-6,-2.5,0.1,5.4,3.895,1.9,89.04,999.9,999.9,999.9,999.9
2021-01-31,-7.2,-6,-4.9,0,6.51,1.85,86.88,999.9,999.9,999.9,999.9
2021-02-01,-10.8,-5.2,0.4,0,6.36,3.8,74.33,999.9,999.9,999.9,999.9
2021-02-02,-2.3,0.6,2.4,2.5,2.515,2.8,90.75,999.9,999.9,999.9,999.9
2021-02-03,0.7,4.1,8.5,7.4,2.795,2.8,99.83,999.9,999.9,999.9,999.9
2021-02-04,-0.8,0.8,7.5,1.2,1.695,2.95,91.38,999.9,999.9,999.9,999.9
2021-02-05,-1.4,-0.2,1.3,0.3,2.49,3.7,80.67,999.9,999.9,999.9,999.9
2021-02-06,-4.2,-1.9,-0.2,0,2.72,5,72.92,999.9,999.9,999.9,999.9
2021-02-07,-7.2,-5.9,-4.2,0.1,1.76,6.65,61.75,999.9,999.9,999.9,999.9
2021-02-08,-10.6,-9.8,-6.7,6,2.76,4.5,75.46,999.9,999.9,999.9,999.9
2021-02-09,-10.2,-8.7,-7.1,0.2,3.94,1.35,84.13,999.9,999.9,999.9,999.9
2021-02-10,-12.1,-8.5,-6.3,0.1,6.06,1.6,84.54,999.9,999.9,999.9,999.9
2021-02-11,-10.7,-6.1,-2.9,0,8.015,1.65,82.33,999.9,999.9,999.9,999.9
2021-02-12,-8.4,-6.3,-4.1,0,9.57,2.1,87.13,999.9,999.9,999.9,999.9
2021-02-13,-8.1,-4.5,-0.7,0,5.3,3.05,84.79,999.9,999.9,999.9,999.9
2021-02-14,-11.5,-6.9,-4.1,0,4.955,2.7,91.88,999.9,999.9,999.9,999.9
2021-02-15,-13.7,-6.1,0.5,1.5,6.8,3.25,75.96,999.9,999.9,999.9,999.9
2021-02-16,-3.2,0.5,3,2.5,3.805,2.5,97.63,999.9,999.9,999.9,999.9
2021-02-17,1.2,4.1,5.9,2.4,1.91,3.65,95.21,999.9,999.9,999.9,999.9
2021-02-18,2.8,5.4,9.9,0,7.56,2.65,90.71,999.9,999.9,999.9,999.9
2021-02-19,0.7,4.8,8.5,1.8,6.56,3.9,84.83,999.9,999.9,999.9,999.9
2021-02-20,-1.2,4.3,12.2,0,7.815,3,81.13,999.9,999.9,999.9,999.9
2021-02-21,1.8,7.1,14.8,0,10.285,3.2,79.29,999.9,999.9,999.9,999.9
2021-02-22,-0.2,5.2,11.8,0,10.74,2.3,85.46,999.9,999.9,999.9,999.9
2021-02-23,1.9,9.1,16.1,0,8.22,2.55,80.67,999.9,999.9,999.9,999.9
2021-02-24,8.4,11.8,17.6,0,9,2.65,80.63,999.9,999.9,999.9,999.9
2021-02-25,6,11.7,18.5,0,10.06,2.9,77.79,999.9,999.9,999.9,999.9
2021-02-26,5.1,7.2,9.6,3.2,2.92,3.15,87.71,999.9,999.9,999.9,999.9
2021-02-27,1.9,5.6,8.8,0,6.48,4.05,80.92,999.9,999.9,999.9,999.9
2021-02-28,0.7,2.4,3.4,0,3.135,2.95,93.13,999.9,999.9,999.9,999.9
2021-03-01,3,4.3,8.1,0,8.385,1.7,87.29,999.9,999.9,999.9,999.9
2021-03-02,-0.4,4.5,11.2,0,12.68,1.25,80.75,999.9,999.9,999.9,999.9
2021-03-03,-0.5,6.1,12.9,0,11.99,2.8,76.25,999.9,999.9,999.9,999.9
2021-03-04,2.1,4.1,8.9,0.2,1.915,3.25,82.96,999.9,999.9,999.9,999.9
2021-03-05,-2.2,1.4,4.8,0.4,12.02,2.35,71.88,999.9,999.9,999.9,999.9
2021-03-06,-2.1,1.6,4.7,0,8.785,3.9,74.63,999.9,999.9,999.9,999.9
2021-03-07,1.8,2.8,3.4,0,3.615,5.75,70.71,999.9,999.9,999.9,999.9
2021-03-08,-2.8,1.2,4.9,0,14.95,2,65.13,999.9,999.9,999.9,999.9
2021-03-09,-5.5,-0.3,6.2,0,13.79,1.9,64.67,999.9,999.9,999.9,999.9
2021-03-10,-5.3,0.8,7.4,0,15.02,2.25,56.46,999.9,999.9,999.9,999.9
2021-03-11,-1.1,4.7,9.1,5.6,4.42,5.55,78.58,999.9,999.9,999.9,999.9
2021-03-12,4.6,6.5,9.8,2.4,10.39,6.2,68.08,999.9,999.9,999.9,999.9
2021-03-13,3.7,5.8,8.7,4.8,4.43,6.05,79.75,999.9,999.9,999.9,999.9
2021-03-14,3.3,4.9,6.8,3.8,5.83,6.75,77,999.9,999.9,999.9,999.9
2021-03-15,2.8,4.8,8.6,3.4,8.31,4.15,81.67,999.9,999.9,999.9,999.9
2021-03-16,0.7,3.6,6,1.4,4.135,3.45,82.58,999.9,999.9,999.9,999.9
2021-03-17,0.1,2.6,6.2,2.8,7.23,2.1,82.29,999.9,999.9,999.9,999.9
2021-03-18,-3,0.6,4.3,7.6,7.695,1.75,91.92,999.9,999.9,999.9,999.9
2021-03-19,-2.9,0.3,3.3,2.2,9.74,3,77.46,999.9,999.9,999.9,999.9
2021-03-20,-3.7,0.2,3.6,0,10.385,3.3,65.38,999.9,999.9,999.9,999.9
2021-03-21,1.3,3.8,7.8,3.8,5.645,4.8,76.54,999.9,999.9,999.9,999.9
2021-03-22,-0.3,4.5,9.7,0,16.125,2.7,64.04,999.9,999.9,999.9,999.9
2021-03-23,3.9,5.7,8.1,0,4.89,3.2,81.29,999.9,999.9,999.9,999.9
2021-03-24,2.2,6.8,11.3,0,10.015,2.35,74.21,999.9,999.9,999.9,999.9
2021-03-25,0.5,8,15.4,0,13.92,1.9,74.08,999.9,999.9,999.9,999.9
2021-03-26,4,10.3,17.4,0,10.97,1.85,74.5,999.9,999.9,999.9,999.9
2021-03-27,2.8,6.7,12.4,4.4,8.61,5,77.83,999.9,999.9,999.9,999.9
2021-03-28,0.8,6.8,12.3,0,13.41,4.45,70.38,999.9,999.9,999.9,999.9
2021-03-29,7.9,12.6,16.8,0,10.83,4.35,64.29,999.9,999.9,999.9,999.9
2021-03-30,8.2,15.1,21.9,0,18.665,2.4,66.83,999.9,999.9,999.9,999.9
2021-03-31,7.2,15.1,23.3,0,19.025,1.65,66.25,999.9,999.9,999.9,999.9
2021-04-01,5.5,12.4,17.2,0,7.8,2.9,73.63,999.9,999.9,999.9,999.9
2021-04-02,1.3,6.6,11.5,0,18.645,3.45,71.25,999.9,999.9,999.9,999.9
2021-04-03,1.1,5.1,7.9,0,11.395,3.15,71.46,999.9,999.9,999.9,999.9
2021-04-04,-1.9,5.2,11.5,0,18.985,3.5,64.88,999.9,999.9,999.9,999.9
2021-04-05,1.2,3.3,6.6,6,6.8,6.6,74.88,999.9,999.9,999.9,999.9
2021-04-06,-1.3,1.9,6.5,0.6,14.015,5.4,74.63,999.9,999.9,999.9,999.9
2021-04-07,-0.4,3,6.7,1.2,10.975,5.9,69.92,999.9,999.9,999.9,999.9
2021-04-08,1.9,4.3,8.2,1,12.58,6.2,67.58,999.9,999.9,999.9,999.9
2021-04-09,0.9,7.4,13.8,0,18.035,4.95,56.46,999.9,999.9,999.9,999.9
2021-04-10,4.1,6.3,8.3,2.6,4.94,1.95,82.88,999.9,999.9,999.9,999.9
2021-04-11,6.2,12.7,21.6,0,17.83,3.8,67.42,999.9,999.9,999.9,999.9
2021-04-12,3.2,5.6,9.8,2.8,7.5,3.9,75.58,999.9,999.9,999.9,999.9
2021-04-13,0.8,6.1,8.8,0,17.43,3.25,69.17,999.9,999.9,999.9,999.9
2021-04-14,0.4,4.3,8.2,0,11.77,2.8,65.75,999.9,999.9,999.9,999.9
2021-04-15,1,3,6.4,1.6,9.165,3.6,76.33,999.9,999.9,999.9,999.9
2021-04-16,2.7,5.6,9.2,0.8,13.93,3.25,71.75,999.9,999.9,999.9,999.9
2021-04-17,3.9,7.6,12.8,1.6,9.975,2.05,79.75,999.9,999.9,999.9,999.9
2021-04-18,5.1,7.9,13,3.2,8.045,1.75,90.88,999.9,999.9,999.9,999.9
2021-04-19,3.8,9.3,17.3,7.4,13.34,2.35,83.17,999.9,999.9,999.9,999.9
2021-04-20,4.2,11.2,17.8,0,21.275,2.1,72.83,999.9,999.9,999.9,999.9
2021-04-21,4.7,11.3,17.6,0,21.025,3,66.04,999.9,999.9,999.9,999.9
2021-04-22,4,7.3,11.6,1.2,16.805,5.5,61.92,999.9,999.9,999.9,999.9
2021-04-23,4.4,8,13.2,0.8,17.54,4.35,64.13,999.9,999.9,999.9,999.9
2021-04-24,4.5,8.1,11.1,0,16.94,2.95,60.5,999.9,999.9,999.9,999.9
2021-04-25,1.1,5.9,10.6,0,14.635,2.3,57.96,999.9,999.9,999.9,999.9
2021-04-26,-0.2,5.2,10.7,0,18.93,2,59.08,999.9,999.9,999.9,999.9
2021-04-27,-0.9,6.5,13.3,0,26.51,2.95,55.79,999.9,999.9,999.9,999.9
2021-04-28,1.2,10.3,18.3,0,22.955,3.4,53.04,999.9,999.9,999.9,999.9
2021-04-29,6.9,10.7,17.4,4.4,9.44,3.6,76.75,999.9,999.9,999.9,999.9
2021-04-30,6.5,8,9.9,0,6.07,3.6,78.63,999.9,999.9,999.9,999.9
2021-05-01,5.3,8.5,12.9,0,14.04,1.85,86.33,999.9,999.9,999.9,999.9
2021-05-02,5.8,7.6,10,17.4,4.575,2.35,87.96,999.9,999.9,999.9,999.9
2021-05-03,3.9,7.3,11.2,4,13.845,4.5,77,999.9,999.9,999.9,999.9
2021-05-04,3.2,9.9,15.1,0.2,12.07,5.8,69.58,999.9,999.9,999.9,999.9
2021-05-05,6.5,9.4,13.7,1.2,18.85,7.1,66.21,999.9,999.9,999.9,999.9
2021-05-06,3.5,7.9,11.7,0.4,18.35,4.75,68.46,999.9,999.9,999.9,999.9
2021-05-07,3.5,6.3,9,4.8,10.71,3.45,84.25,999.9,999.9,999.9,999.9
2021-05-08,3.1,9.4,15.3,0.2,22.785,3.15,63.08,999.9,999.9,999.9,999.9
2021-05-09,8.2,17.4,25.9,0,7.8,3.75,52.71,999.9,999.9,999.9,999.9
2021-05-10,12.7,20.8,30.1,0,27.12,3.05,57.54,999.9,999.9,999.9,999.9
2021-05-11,13.4,22.7,30.7,0,26.095,2.8,67.46,999.9,999.9,999.9,999.9
2021-05-12,13.8,15.7,18.1,0,9.095,2.85,81.96,999.9,999.9,999.9,999.9
2021-05-13,11.6,12.4,13.9,7.4,3.185,2.95,93.67,999.9,999.9,999.9,999.9
2021-05-14,8.9,11.2,13.2,0.4,8.205,4.05,88.79,999.9,999.9,999.9,999.9
2021-05-15,6.1,13.2,19.3,2.6,20.635,2.8,76.21,999.9,999.9,999.9,999.9
2021-05-16,9.3,13.6,18.8,1.4,19.38,2.9,76.38,999.9,999.9,999.9,999.9
2021-05-17,7.2,13.8,20,0,19.305,2.55,72.67,999.9,999.9,999.9,999.9
2021-05-18,9.3,13.1,16.8,0,5.17,3.4,76.58,999.9,999.9,999.9,999.9
2021-05-19,8.2,13.1,17.9,0,23.42,2.6,70.5,999.9,999.9,999.9,999.9
2021-05-20,8.2,12.8,18,0.4,22.76,3,68.83,999.9,999.9,999.9,999.9
2021-05-21,9.8,15.6,21.4,0,23.435,5,62.38,999.9,999.9,999.9,999.9
2021-05-22,9.6,13.3,17.9,0.6,17.96,4.95,69.58,999.9,999.9,999.9,999.9
2021-05-23,7.9,12.5,17.6,0.6,17.77,3.75,79.08,999.9,999.9,999.9,999.9
2021-05-24,7.2,15.8,22.3,0,26.46,3.3,64.75,999.9,999.9,999.9,999.9
2021-05-25,8.6,13.3,17.1,3.2,15.4,4.6,71.25,999.9,999.9,999.9,999.9
2021-05-26,7.9,11.7,15.2,1.4,15.24,4.65,75.29,999.9,999.9,999.9,999.9
2021-05-27,7.5,11.6,16.7,0.6,14.565,4.35,78.25,999.9,999.9,999.9,999.9
2021-05-28,10,11.9,15,3.2,14.34,2.6,82.96,999.9,999.9,999.9,999.9
2021-05-29,7.9,12.3,17.9,0,18.55,3.25,74.75,999.9,999.9,999.9,999.9
2021-05-30,6.2,12.9,19.4,0,29.08,2.2,63.33,999.9,999.9,999.9,999.9
2021-05-31,6.3,14.2,21.4,0,30.93,1.7,59.54,999.9,999.9,999.9,999.9
2021-06-01,8.7,16.3,22.4,0,21.365,2.15,69.25,999.9,999.9,999.9,999.9
2021-06-02,11.1,17.9,25.4,0,28.05,2.8,66.83,999.9,999.9,999.9,999.9
2021-06-03,10.8,20.2,27.2,0,29.89,3.15,57.08,999.9,999.9,999.9,999.9
2021-06-04,13.5,16.4,19.4,1.6,8.83,2.65,78.21,999.9,999.9,999.9,999.9
2021-06-05,11.9,20.6,27.8,0,29.13,2.5,62.38,999.9,999.9,999.9,999.9
2021-06-06,13.3,22.1,29.1,0,26.78,1.85,57.75,999.9,999.9,999.9,999.9
2021-06-07,13,20.8,27.1,0,30.005,1.95,58,999.9,999.9,999.9,999.9
2021-06-08,15.2,21.6,27.3,0,25.665,2.1,58.58,999.9,999.9,999.9,999.9
2021-06-09,13.7,20.8,26.7,0,28.535,1.65,59.42,999.9,999.9,999.9,999.9
2021-06-10,14.1,21.6,27.4,0,27.69,1.9,58.04,999.9,999.9,999.9,999.9
2021-06-11,16.6,22.5,28.7,0,26.405,1.85,59.58,999.9,999.9,999.9,999.9
2021-06-12,14.2,18.2,21.7,5,10.18,3,80.96,999.9,999.9,999.9,999.9
2021-06-13,11.4,14.4,17.8,0,14.535,3.55,70.75,999.9,999.9,999.9,999.9
2021-06-14,10.4,19.2,26.9,0,30.45,1.6,67.04,999.9,999.9,999.9,999.9
2021-06-15,15.4,20.2,24.8,0,18.57,1.95,71.25,999.9,999.9,999.9,999.9
2021-06-16,10.8,20.2,27.9,0,30.805,2.15,56.04,999.9,999.9,999.9,999.9
2021-06-17,17.5,26.1,33.8,0,28.72,3.3,53.96,999.9,999.9,999.9,999.9
2021-06-18,18.8,27.7,34.8,0,29.495,3.15,51.63,999.9,999.9,999.9,999.9
2021-06-19,19.4,28.4,36.3,0,25.305,2.05,53.33,999.9,999.9,999.9,999.9
2021-06-20,20.5,29.3,36.6,0,24.99,3.05,54.54,999.9,999.9,999.9,999.9
2021-06-21,21.2,26.8,32,0.4,23.45,2.6,67.08,999.9,999.9,999.9,999.9
2021-06-22,15.7,19.6,23.6,0.4,6.035,2.25,82.5,999.9,999.9,999.9,999.9
2021-06-23,13,18.7,23.8,0,18.21,1.7,71.96,999.9,999.9,999.9,999.9
2021-06-24,14.4,16.8,21.6,2.2,13.08,1.6,86.08,999.9,999.9,999.9,999.9
2021-06-25,14.8,19.3,24.9,3.2,15.6,1.6,74.04,999.9,999.9,999.9,999.9
2021-06-26,16.9,21.2,26.2,1.4,23.155,1.5,60.29,999.9,999.9,999.9,999.9
2021-06-27,15,22.1,28.3,0.6,27.035,1.8,61.21,999.9,999.9,999.9,999.9
2021-06-28,14.9,24.2,31.2,3.2,25.89,2.05,56.25,999.9,999.9,999.9,999.9
2021-06-29,18.2,22.9,30.7,0,17.82,2.5,64.79,999.9,999.9,999.9,999.9
2021-06-30,16.5,18.4,20.5,78,4.125,4.4,93.54,999.9,999.9,999.9,999.9
2021-07-01,14.4,15.9,16.9,8.8,4.43,4.45,92.63,999.9,999.9,999.9,999.9
2021-07-02,14.9,19.3,25.1,0,23.475,3.05,73,999.9,999.9,999.9,999.9
2021-07-03,14.9,19.7,23.5,0,22.295,2.6,68.21,999.9,999.9,999.9,999.9
2021-07-04,15.9,21.7,27.8,0,23.26,1.5,65.71,999.9,999.9,999.9,999.9
2021-07-05,18,21.2,24.2,0,16.645,2.75,71.71,999.9,999.9,999.9,999.9
2021-07-06,15,23.6,30.6,0,26.08,2.9,63.21,999.9,999.9,999.9,999.9
2021-07-07,16.7,19.3,23.1,4,9.735,2.05,82.46,999.9,999.9,999.9,999.9
2021-07-08,14.7,19.2,21.8,0,7.53,1.85,79.13,999.9,999.9,999.9,999.9
2021-07-09,16,19.8,26.9,19.4,11.255,2.5,86.38,999.9,999.9,999.9,999.9
2021-07-10,14.5,19.3,25.4,1,22.02,4.05,71.92,999.9,999.9,999.9,999.9
2021-07-11,14.4,22.3,28.2,0,25.89,2.85,61.92,999.9,999.9,999.9,999.9
2021-07-12,18.7,22.1,26.7,0,15.39,2.2,73.63,999.9,999.9,999.9,999.9
2021-07-13,16.6,24.3,30.7,0,26.26,3,65.29,999.9,999.9,999.9,999.9
2021-07-14,19.7,22.5,26.6,1.6,14.245,2.45,76.04,999.9,999.9,999.9,999.9
2021-07-15,18.4,23,28.4,0,17.035,2.1,72.42,999.9,999.9,999.9,999.9
2021-07-16,17.6,23.7,29.7,13.4,20.47,1.9,75.71,999.9,999.9,999.9,999.9
2021-07-17,20.8,23.3,28.2,2.6,17.86,2.55,74.13,999.9,999.9,999.9,999.9
2021-07-18,17.7,22.2,26.7,0,25.735,2.45,67.67,999.9,999.9,999.9,999.9
2021-07-19,16.2,18.3,20.3,0,14.155,2.55,63.46,999.9,999.9,999.9,999.9
2021-07-20,14.9,18.3,22.4,0,17.725,2.45,61.92,999.9,999.9,999.9,999.9
2021-07-21,14.3,18.8,23.3,0,14.47,2.15,69.46,999.9,999.9,999.9,999.9
2021-07-22,17.4,20,24.1,0,13.675,1.85,67.75,999.9,999.9,999.9,999.9
2021-07-23,16.2,20.9,25,0,17.11,1.3,69.21,999.9,999.9,999.9,999.9
2021-07-24,14.6,22.9,30.1,0,24.13,3.2,58.5,999.9,999.9,999.9,999.9
2021-07-25,17.9,23.3,29.3,0,19.295,3.3,61.58,999.9,999.9,999.9,999.9
2021-07-26,18.9,24.2,29.8,0.8,19.7,2.15,62.21,999.9,999.9,999.9,999.9
2021-07-27,19.2,23.8,26.9,0,23.17,3.3,60.79,999.9,999.9,999.9,999.9
2021-07-28,17.8,21.1,26.4,0,14.075,2.8,64.96,999.9,999.9,999.9,999.9
2021-07-29,16.2,20.9,25.7,0,17.94,4.65,55.71,999.9,999.9,999.9,999.9
2021-07-30,13.2,20.3,26.3,0,24.225,3.65,54.17,999.9,999.9,999.9,999.9
2021-07-31,16.6,21.4,26,0,20.71,5.1,49.75,999.9,999.9,999.9,999.9
2021-08-01,14.4,15.9,16.9,8.8,4.43,4.45,92.63,999.9,999.9,999.9,999.9
2021-08-02,14.9,19.3,25.1,0,23.475,3.05,73,999.9,999.9,999.9,999.9
2021-08-03,14.9,19.7,23.5,0,22.295,2.6,68.21,999.9,999.9,999.9,999.9
2021-08-04,15.9,21.7,27.8,0,23.26,1.5,65.71,999.9,999.9,999.9,999.9
2021-08-05,18,21.2,24.2,0,16.645,2.75,71.71,999.9,999.9,999.9,999.9
2021-08-06,15,23.6,30.6,0,26.08,2.9,63.21,999.9,999.9,999.9,999.9
2021-08-07,16.7,19.3,23.1,4,9.735,2.05,82.46,999.9,999.9,999.9,999.9
2021-08-08,14.7,19.2,21.8,0,7.53,1.85,79.13,999.9,999.9,999.9,999.9
2021-08-09,16,19.8,26.9,19.4,11.255,2.5,86.38,999.9,999.9,999.9,999.9
2021-08-10,14.5,19.3,25.4,1,22.02,4.05,71.92,999.9,999.9,999.9,999.9
2021-08-11,14.4,22.3,28.2,0,25.89,2.85,61.92,999.9,999.9,999.9,999.9
2021-08-12,18.7,22.1,26.7,0,15.39,2.2,73.63,999.9,999.9,999.9,999.9
2021-08-13,16.6,24.3,30.7,0,26.26,3,65.29,999.9,999.9,999.9,999.9
2021-08-14,19.7,22.5,26.6,1.6,14.245,2.45,76.04,999.9,999.9,999.9,999.9
2021-08-15,18.4,23,28.4,0,17.035,2.1,72.42,999.9,999.9,999.9,999.9
2021-08-16,17.6,23.7,29.7,13.4,20.47,1.9,75.71,999.9,999.9,999.9,999.9
2021-08-17,20.8,23.3,28.2,2.6,17.86,2.55,74.13,999.9,999.9,999.9,999.9
2021-08-18,17.7,22.2,26.7,0,25.735,2.45,67.67,999.9,999.9,999.9,999.9
2021-08-19,16.2,18.3,20.3,0,14.155,2.55,63.46,999.9,999.9,999.9,999.9
2021-08-20,14.9,18.3,22.4,0,17.725,2.45,61.92,999.9,999.9,999.9,999.9
2021-08-21,14.3,18.8,23.3,0,14.47,2.15,69.46,999.9,999.9,999.9,999.9
2021-08-22,17.4,20,24.1,0,13.675,1.85,67.75,999.9,999.9,999.9,999.9
2021-08-23,16.2,20.9,25,0,17.11,1.3,69.21,999.9,999.9,999.9,999.9
2021-08-24,14.6,22.9,30.1,0,24.13,3.2,58.5,999.9,999.9,999.9,999.9
2021-08-25,17.9,23.3,29.3,0,19.295,3.3,61.58,999.9,999.9,999.9,999.9
2021-08-26,18.9,24.2,29.8,0.8,19.7,2.15,62.21,999.9,999.9,999.9,999.9
2021-08-27,19.2,23.8,26.9,0,23.17,3.3,60.79,999.9,999.9,999.9,999.9
2021-08-28,17.8,21.1,26.4,0,14.075,2.8,64.96,999.9,999.9,999.9,999.9
2021-08-29,16.2,20.9,25.7,0,17.94,4.65,55.71,999.9,999.9,999.9,999.9
2021-08-30,13.2,20.3,26.3,0,24.225,3.65,54.17,999.9,999.9,999.9,999.9
2021-08-31,16.6,21.4,26,0,20.71,5.1,49.75,999.9,999.9,999.9,999.9
